sagitta_h_mm,x_mm,y_mm,angle_deg,alignment,group,d_lateral_mm,efficiency_pct,k,kQ,Q_rx,M_nH,S21_dB,coupling_regime
0,0,0,0,x-axis,control,0.0,0.60215,0.09961211,12.80881,128.59,630.9266,-16.182,overcoupled
0,0,5,0,y-axis,control,5.0,0.61493,0.09855878,12.67337,128.59,624.255,-16.091,overcoupled
0,0,10,0,y-axis,control,10.0,0.65579,0.0953988,12.26704,128.59,604.2402,-15.812,overcoupled
0,0,15,0,y-axis,control,15.0,0.73351,0.09013216,11.58982,128.59,570.8822,-15.325,overcoupled
0,0,20,0,y-axis,control,20.0,0.86764,0.08275887,10.64171,128.59,524.18099,-14.596,overcoupled
0,0,25,0,y-axis,control,25.0,1.10134,0.07327893,9.42271,128.59,464.13659,-13.56,overcoupled
0,0,30,0,y-axis,control,30.0,1.53975,0.06169233,7.93283,128.59,390.74899,-12.105,overcoupled
0,0,35,0,y-axis,control,35.0,2.49249,0.04799907,6.17205,128.59,304.01819,-10.013,overcoupled
0,0,40,0,y-axis,control,40.0,5.20801,0.03219917,4.14039,128.59,203.94419,-6.813,overcoupled
0,0,45,0,y-axis,control,45.0,15.98775,0.0155636,2.00128,128.59,98.5773,-1.942,overcoupled
0,0,50,0,y-axis,control,50.0,15.77308,0.00384269,0.49412,128.59,24.33899,-2.0,undercoupled
0,0,55,0,y-axis,control,55.0,0.0,0.0,0.0,128.59,0.0,-240.0,undercoupled
0,0,60,0,y-axis,control,60.0,0.0,0.0,0.0,128.59,0.0,-240.0,undercoupled
0,0,65,0,y-axis,control,65.0,0.0,0.0,0.0,128.59,0.0,-240.0,undercoupled
0,0,70,0,y-axis,control,70.0,0.0,0.0,0.0,128.59,0.0,-240.0,undercoupled
0,0,75,0,y-axis,control,75.0,0.0,0.0,0.0,128.59,0.0,-240.0,undercoupled
0,0,80,0,y-axis,control,80.0,0.0,0.0,0.0,128.59,0.0,-240.0,undercoupled
0,0,85,0,y-axis,control,85.0,0.0,0.0,0.0,128.59,0.0,-240.0,undercoupled
0,0,90,0,y-axis,control,90.0,0.0,0.0,0.0,128.59,0.0,-240.0,undercoupled
0,0,95,0,y-axis,control,95.0,0.0,0.0,0.0,128.59,0.0,-240.0,undercoupled
0,0,100,0,y-axis,control,100.0,0.0,0.0,0.0,128.59,0.0,-240.0,undercoupled
0,5,0,0,x-axis,control,5.0,0.61493,0.09855878,12.67337,128.59,624.255,-16.091,overcoupled
0,5,5,0,diagonal,control,7.071,0.62812,0.09750545,12.53793,128.59,617.5834,-15.999,overcoupled
0,10,0,0,x-axis,control,10.0,0.65579,0.0953988,12.26704,128.59,604.2402,-15.812,overcoupled
0,10,10,0,diagonal,control,14.142,0.7169,0.09118549,11.72526,128.59,577.5538,-15.425,overcoupled
0,15,0,0,x-axis,control,15.0,0.73351,0.09013216,11.58982,128.59,570.8822,-15.325,overcoupled
0,15,15,0,diagonal,control,21.213,0.91272,0.08065222,10.37082,128.59,510.83779,-14.376,overcoupled
0,20,0,0,x-axis,control,20.0,0.86764,0.08275887,10.64171,128.59,524.18099,-14.596,overcoupled
0,20,20,0,diagonal,control,28.284,1.35441,0.06590564,8.4746,128.59,417.43539,-12.662,overcoupled
0,25,0,0,x-axis,control,25.0,1.10134,0.07327893,9.42271,128.59,464.13659,-13.56,overcoupled
0,25,25,0,diagonal,control,35.355,2.59956,0.04694575,6.03661,128.59,297.34659,-9.83,overcoupled
0,30,0,0,x-axis,control,30.0,1.53975,0.06169233,7.93283,128.59,390.74899,-12.105,overcoupled
0,30,30,0,diagonal,control,42.426,8.68619,0.02385122,3.06696,128.59,151.0697,-4.591,overcoupled
0,35,0,0,x-axis,control,35.0,2.49249,0.04799907,6.17205,128.59,304.01819,-10.013,overcoupled
0,35,35,0,diagonal,control,49.497,19.36431,0.00464091,0.59676,128.59,29.39478,-1.109,undercoupled
0,40,0,0,x-axis,control,40.0,5.20801,0.03219917,4.14039,128.59,203.94419,-6.813,overcoupled
0,40,40,0,diagonal,control,56.569,0.0,0.0,0.0,128.59,0.0,-240.0,undercoupled
0,45,0,0,x-axis,control,45.0,15.98775,0.0155636,2.00128,128.59,98.5773,-1.942,overcoupled
0,45,45,0,diagonal,control,63.64,0.0,0.0,0.0,128.59,0.0,-240.0,undercoupled
0,50,0,0,x-axis,control,50.0,15.77308,0.00384269,0.49412,128.59,24.33899,-2.0,undercoupled
0,50,50,0,diagonal,control,70.711,0.0,0.0,0.0,128.59,0.0,-240.0,undercoupled
0,55,0,0,x-axis,control,55.0,0.0,0.0,0.0,128.59,0.0,-240.0,undercoupled
0,55,55,0,diagonal,control,77.782,0.0,0.0,0.0,128.59,0.0,-240.0,undercoupled
0,60,0,0,x-axis,control,60.0,0.0,0.0,0.0,128.59,0.0,-240.0,undercoupled
0,60,60,0,diagonal,control,84.853,0.0,0.0,0.0,128.59,0.0,-240.0,undercoupled
0,65,0,0,x-axis,control,65.0,0.0,0.0,0.0,128.59,0.0,-240.0,undercoupled
0,65,65,0,diagonal,control,91.924,0.0,0.0,0.0,128.59,0.0,-240.0,undercoupled
0,70,0,0,x-axis,control,70.0,0.0,0.0,0.0,128.59,0.0,-240.0,undercoupled
0,70,70,0,diagonal,control,98.995,0.0,0.0,0.0,128.59,0.0,-240.0,undercoupled
0,75,0,0,x-axis,control,75.0,0.0,0.0,0.0,128.59,0.0,-240.0,undercoupled
0,80,0,0,x-axis,control,80.0,0.0,0.0,0.0,128.59,0.0,-240.0,undercoupled
0,85,0,0,x-axis,control,85.0,0.0,0.0,0.0,128.59,0.0,-240.0,undercoupled
0,90,0,0,x-axis,control,90.0,0.0,0.0,0.0,128.59,0.0,-240.0,undercoupled
0,95,0,0,x-axis,control,95.0,0.0,0.0,0.0,128.59,0.0,-240.0,undercoupled
0,100,0,0,x-axis,control,100.0,0.0,0.0,0.0,128.59,0.0,-240.0,undercoupled
5,0,0,0,x-axis,treatment,0.0,0.61172,0.09894623,12.70699,128.26,625.911,-16.114,overcoupled
5,0,5,0,y-axis,treatment,5.0,0.6247,0.0978998,12.5726,128.26,619.29152,-16.023,overcoupled
5,0,10,0,y-axis,treatment,10.0,0.66621,0.0947605,12.16944,128.26,599.43305,-15.743,overcoupled
5,0,15,0,y-axis,treatment,15.0,0.74515,0.08952834,11.49751,128.26,566.33562,-15.257,overcoupled
5,0,20,0,y-axis,treatment,20.0,0.8814,0.08220332,10.55681,128.26,519.9992,-14.528,overcoupled
5,0,25,0,y-axis,treatment,25.0,1.11877,0.07278543,9.34734,128.26,460.42382,-13.492,overcoupled
5,0,30,0,y-axis,treatment,30.0,1.564,0.06127468,7.86909,128.26,387.60945,-12.037,overcoupled
5,0,35,0,y-axis,treatment,35.0,2.53123,0.04767106,6.12207,128.26,301.55612,-9.946,overcoupled
5,0,40,0,y-axis,treatment,40.0,5.28518,0.03197458,4.10628,128.26,202.2638,-6.749,overcoupled
5,0,45,0,y-axis,treatment,45.0,16.15316,0.01544984,1.98412,128.26,97.73212,-1.897,overcoupled
5,0,50,0,y-axis,treatment,50.0,15.60078,0.00381313,0.48969,128.26,24.12098,-2.048,undercoupled
5,0,55,0,y-axis,treatment,55.0,0.0,0.0,0.0,128.26,0.0,-240.0,undercoupled
5,0,60,0,y-axis,treatment,60.0,0.0,0.0,0.0,128.26,0.0,-240.0,undercoupled
5,0,65,0,y-axis,treatment,65.0,0.0,0.0,0.0,128.26,0.0,-240.0,undercoupled
5,0,70,0,y-axis,treatment,70.0,0.0,0.0,0.0,128.26,0.0,-240.0,undercoupled
5,0,75,0,y-axis,treatment,75.0,0.0,0.0,0.0,128.26,0.0,-240.0,undercoupled
5,0,80,0,y-axis,treatment,80.0,0.0,0.0,0.0,128.26,0.0,-240.0,undercoupled
5,0,85,0,y-axis,treatment,85.0,0.0,0.0,0.0,128.26,0.0,-240.0,undercoupled
5,0,90,0,y-axis,treatment,90.0,0.0,0.0,0.0,128.26,0.0,-240.0,undercoupled
5,0,95,0,y-axis,treatment,95.0,0.0,0.0,0.0,128.26,0.0,-240.0,undercoupled
5,0,100,0,y-axis,treatment,100.0,0.0,0.0,0.0,128.26,0.0,-240.0,undercoupled
5,5,0,0,x-axis,treatment,5.0,0.6247,0.0978998,12.5726,128.26,619.29152,-16.023,overcoupled
5,5,5,0,diagonal,treatment,7.071,0.6381,0.09685337,12.43822,128.26,612.67203,-15.931,overcoupled
5,10,0,0,x-axis,treatment,10.0,0.66621,0.0947605,12.16944,128.26,599.43305,-15.743,overcoupled
5,10,10,0,diagonal,treatment,14.142,0.72829,0.09057477,11.6319,128.26,572.9551,-15.356,overcoupled
5,15,0,0,x-axis,treatment,15.0,0.74515,0.08952834,11.49751,128.26,566.33562,-15.257,overcoupled
5,15,15,0,diagonal,treatment,21.213,0.92719,0.08011045,10.28804,128.26,506.76023,-14.308,overcoupled
5,20,0,0,x-axis,treatment,20.0,0.8814,0.08220332,10.55681,128.26,519.9992,-14.528,overcoupled
5,20,20,0,diagonal,treatment,28.284,1.37579,0.06546041,8.40663,128.26,414.0874,-12.594,overcoupled
5,25,0,0,x-axis,treatment,25.0,1.11877,0.07278543,9.34734,128.26,460.42382,-13.492,overcoupled
5,25,25,0,diagonal,treatment,35.355,2.6399,0.04662463,5.98768,128.26,294.93663,-9.764,overcoupled
5,30,0,0,x-axis,treatment,30.0,1.564,0.06127468,7.86909,128.26,387.60945,-12.037,overcoupled
5,30,30,0,diagonal,treatment,42.426,8.80492,0.02368142,3.04124,128.26,149.80321,-4.532,overcoupled
5,35,0,0,x-axis,treatment,35.0,2.53123,0.04767106,6.12207,128.26,301.55612,-9.946,overcoupled
5,35,35,0,diagonal,treatment,49.497,19.19888,0.00460534,0.59143,128.26,29.13229,-1.147,undercoupled
5,40,0,0,x-axis,treatment,40.0,5.28518,0.03197458,4.10628,128.26,202.2638,-6.749,overcoupled
5,40,40,0,diagonal,treatment,56.569,0.0,0.0,0.0,128.26,0.0,-240.0,undercoupled
5,45,0,0,x-axis,treatment,45.0,16.15316,0.01544984,1.98412,128.26,97.73212,-1.897,overcoupled
5,45,45,0,diagonal,treatment,63.64,0.0,0.0,0.0,128.26,0.0,-240.0,undercoupled
5,50,0,0,x-axis,treatment,50.0,15.60078,0.00381313,0.48969,128.26,24.12098,-2.048,undercoupled
5,50,50,0,diagonal,treatment,70.711,0.0,0.0,0.0,128.26,0.0,-240.0,undercoupled
5,55,0,0,x-axis,treatment,55.0,0.0,0.0,0.0,128.26,0.0,-240.0,undercoupled
5,55,55,0,diagonal,treatment,77.782,0.0,0.0,0.0,128.26,0.0,-240.0,undercoupled
5,60,0,0,x-axis,treatment,60.0,0.0,0.0,0.0,128.26,0.0,-240.0,undercoupled
5,60,60,0,diagonal,treatment,84.853,0.0,0.0,0.0,128.26,0.0,-240.0,undercoupled
5,65,0,0,x-axis,treatment,65.0,0.0,0.0,0.0,128.26,0.0,-240.0,undercoupled
5,65,65,0,diagonal,treatment,91.924,0.0,0.0,0.0,128.26,0.0,-240.0,undercoupled
5,70,0,0,x-axis,treatment,70.0,0.0,0.0,0.0,128.26,0.0,-240.0,undercoupled
5,70,70,0,diagonal,treatment,98.995,0.0,0.0,0.0,128.26,0.0,-240.0,undercoupled
5,75,0,0,x-axis,treatment,75.0,0.0,0.0,0.0,128.26,0.0,-240.0,undercoupled
5,80,0,0,x-axis,treatment,80.0,0.0,0.0,0.0,128.26,0.0,-240.0,undercoupled
5,85,0,0,x-axis,treatment,85.0,0.0,0.0,0.0,128.26,0.0,-240.0,undercoupled
5,90,0,0,x-axis,treatment,90.0,0.0,0.0,0.0,128.26,0.0,-240.0,undercoupled
5,95,0,0,x-axis,treatment,95.0,0.0,0.0,0.0,128.26,0.0,-240.0,undercoupled
5,100,0,0,x-axis,treatment,100.0,0.0,0.0,0.0,128.26,0.0,-240.0,undercoupled
10,0,0,0,x-axis,treatment,0.0,0.63936,0.09717301,12.42579,127.16,612.06008,-15.922,overcoupled
10,0,5,0,y-axis,treatment,5.0,0.65292,0.09614494,12.29433,127.16,605.58463,-15.831,overcoupled
10,0,10,0,y-axis,treatment,10.0,0.6963,0.09306074,11.89995,127.16,586.15826,-15.551,overcoupled
10,0,15,0,y-axis,treatment,15.0,0.77879,0.0879204,11.24264,127.16,553.78099,-15.065,overcoupled
10,0,20,0,y-axis,treatment,20.0,0.92114,0.08072392,10.3224,127.16,508.4528,-14.336,overcoupled
10,0,25,0,y-axis,treatment,25.0,1.16907,0.07147131,9.13924,127.16,450.17371,-13.301,overcoupled
10,0,30,0,y-axis,treatment,30.0,1.63394,0.06016256,7.69316,127.16,378.9437,-11.847,overcoupled
10,0,35,0,y-axis,treatment,35.0,2.64284,0.04679767,5.98415,127.16,294.76279,-9.759,overcoupled
10,0,40,0,y-axis,treatment,40.0,5.50659,0.03137665,4.01222,127.16,197.63096,-6.571,overcoupled
10,0,45,0,y-axis,treatment,45.0,16.61646,0.01514706,1.9369,127.16,95.40623,-1.774,overcoupled
10,0,50,0,y-axis,treatment,50.0,15.12145,0.0037345,0.47754,127.16,23.52238,-2.183,undercoupled
10,0,55,0,y-axis,treatment,55.0,0.0,0.0,0.0,127.16,0.0,-240.0,undercoupled
10,0,60,0,y-axis,treatment,60.0,0.0,0.0,0.0,127.16,0.0,-240.0,undercoupled
10,0,65,0,y-axis,treatment,65.0,0.0,0.0,0.0,127.16,0.0,-240.0,undercoupled
10,0,70,0,y-axis,treatment,70.0,0.0,0.0,0.0,127.16,0.0,-240.0,undercoupled
10,0,75,0,y-axis,treatment,75.0,0.0,0.0,0.0,127.16,0.0,-240.0,undercoupled
10,0,80,0,y-axis,treatment,80.0,0.0,0.0,0.0,127.16,0.0,-240.0,undercoupled
10,0,85,0,y-axis,treatment,85.0,0.0,0.0,0.0,127.16,0.0,-240.0,undercoupled
10,0,90,0,y-axis,treatment,90.0,0.0,0.0,0.0,127.16,0.0,-240.0,undercoupled
10,0,95,0,y-axis,treatment,95.0,0.0,0.0,0.0,127.16,0.0,-240.0,undercoupled
10,0,100,0,y-axis,treatment,100.0,0.0,0.0,0.0,127.16,0.0,-240.0,undercoupled
10,5,0,0,x-axis,treatment,5.0,0.65292,0.09614494,12.29433,127.16,605.58463,-15.831,overcoupled
10,5,5,0,diagonal,treatment,7.071,0.66692,0.09511687,12.16287,127.16,599.10917,-15.739,overcoupled
10,10,0,0,x-axis,treatment,10.0,0.6963,0.09306074,11.89995,127.16,586.15826,-15.551,overcoupled
10,10,10,0,diagonal,treatment,14.142,0.76116,0.08894846,11.3741,127.16,560.25644,-15.165,overcoupled
10,15,0,0,x-axis,treatment,15.0,0.77879,0.0879204,11.24264,127.16,553.78099,-15.065,overcoupled
10,15,15,0,diagonal,treatment,21.213,0.96896,0.07866778,10.05948,127.16,495.50189,-14.116,overcoupled
10,20,0,0,x-axis,treatment,20.0,0.92114,0.08072392,10.3224,127.16,508.4528,-14.336,overcoupled
10,20,20,0,diagonal,treatment,28.284,1.43747,0.06427483,8.21901,127.16,404.84552,-12.403,overcoupled
10,25,0,0,x-axis,treatment,25.0,1.16907,0.07147131,9.13924,127.16,450.17371,-13.301,overcoupled
10,25,25,0,diagonal,treatment,35.355,2.7561,0.0457696,5.85269,127.16,288.28733,-9.576,overcoupled
10,30,0,0,x-axis,treatment,30.0,1.63394,0.06016256,7.69316,127.16,378.9437,-11.847,overcoupled
10,30,30,0,diagonal,treatment,42.426,9.14354,0.02322941,2.97041,127.16,146.31423,-4.368,overcoupled
10,35,0,0,x-axis,treatment,35.0,2.64284,0.04679767,5.98415,127.16,294.76279,-9.759,overcoupled
10,35,35,0,diagonal,treatment,49.497,18.73203,0.00451071,0.5768,127.16,28.41144,-1.254,undercoupled
10,40,0,0,x-axis,treatment,40.0,5.50659,0.03137665,4.01222,127.16,197.63096,-6.571,overcoupled
10,40,40,0,diagonal,treatment,56.569,0.0,0.0,0.0,127.16,0.0,-240.0,undercoupled
10,45,0,0,x-axis,treatment,45.0,16.61646,0.01514706,1.9369,127.16,95.40623,-1.774,overcoupled
10,45,45,0,diagonal,treatment,63.64,0.0,0.0,0.0,127.16,0.0,-240.0,undercoupled
10,50,0,0,x-axis,treatment,50.0,15.12145,0.0037345,0.47754,127.16,23.52238,-2.183,undercoupled
10,50,50,0,diagonal,treatment,70.711,0.0,0.0,0.0,127.16,0.0,-240.0,undercoupled
10,55,0,0,x-axis,treatment,55.0,0.0,0.0,0.0,127.16,0.0,-240.0,undercoupled
10,55,55,0,diagonal,treatment,77.782,0.0,0.0,0.0,127.16,0.0,-240.0,undercoupled
10,60,0,0,x-axis,treatment,60.0,0.0,0.0,0.0,127.16,0.0,-240.0,undercoupled
10,60,60,0,diagonal,treatment,84.853,0.0,0.0,0.0,127.16,0.0,-240.0,undercoupled
10,65,0,0,x-axis,treatment,65.0,0.0,0.0,0.0,127.16,0.0,-240.0,undercoupled
10,65,65,0,diagonal,treatment,91.924,0.0,0.0,0.0,127.16,0.0,-240.0,undercoupled
10,70,0,0,x-axis,treatment,70.0,0.0,0.0,0.0,127.16,0.0,-240.0,undercoupled
10,70,70,0,diagonal,treatment,98.995,0.0,0.0,0.0,127.16,0.0,-240.0,undercoupled
10,75,0,0,x-axis,treatment,75.0,0.0,0.0,0.0,127.16,0.0,-240.0,undercoupled
10,80,0,0,x-axis,treatment,80.0,0.0,0.0,0.0,127.16,0.0,-240.0,undercoupled
10,85,0,0,x-axis,treatment,85.0,0.0,0.0,0.0,127.16,0.0,-240.0,undercoupled
10,90,0,0,x-axis,treatment,90.0,0.0,0.0,0.0,127.16,0.0,-240.0,undercoupled
10,95,0,0,x-axis,treatment,95.0,0.0,0.0,0.0,127.16,0.0,-240.0,undercoupled
10,100,0,0,x-axis,treatment,100.0,0.0,0.0,0.0,127.16,0.0,-240.0,undercoupled
15,0,0,0,x-axis,treatment,0.0,0.6823,0.09481177,12.02312,125.06,592.22553,-15.64,overcoupled
15,0,5,0,y-axis,treatment,5.0,0.69677,0.09380816,11.89585,125.06,585.95662,-15.548,overcoupled
15,0,10,0,y-axis,treatment,10.0,0.74305,0.09079732,11.51405,125.06,567.1499,-15.269,overcoupled
15,0,15,0,y-axis,treatment,15.0,0.83103,0.08577924,10.8777,125.06,535.80537,-14.783,overcoupled
15,0,20,0,y-axis,treatment,20.0,0.98283,0.07875394,9.98682,125.06,491.92303,-14.055,overcoupled
15,0,25,0,y-axis,treatment,25.0,1.24714,0.06972141,8.8414,125.06,435.50287,-13.02,overcoupled
15,0,30,0,y-axis,treatment,30.0,1.74237,0.05868165,7.44144,125.06,366.5449,-11.568,overcoupled
15,0,35,0,y-axis,treatment,35.0,2.81542,0.04563466,5.78695,125.06,285.04912,-9.484,overcoupled
15,0,40,0,y-axis,treatment,40.0,5.84633,0.03058045,3.87792,125.06,191.01552,-6.311,overcoupled
15,0,45,0,y-axis,treatment,45.0,17.29569,0.01474394,1.86969,125.06,92.09551,-1.6,overcoupled
15,0,50,0,y-axis,treatment,50.0,14.42706,0.00362991,0.46031,125.06,22.6736,-2.388,undercoupled
15,0,55,0,y-axis,treatment,55.0,0.0,0.0,0.0,125.06,0.0,-240.0,undercoupled
15,0,60,0,y-axis,treatment,60.0,0.0,0.0,0.0,125.06,0.0,-240.0,undercoupled
15,0,65,0,y-axis,treatment,65.0,0.0,0.0,0.0,125.06,0.0,-240.0,undercoupled
15,0,70,0,y-axis,treatment,70.0,0.0,0.0,0.0,125.06,0.0,-240.0,undercoupled
15,0,75,0,y-axis,treatment,75.0,0.0,0.0,0.0,125.06,0.0,-240.0,undercoupled
15,0,80,0,y-axis,treatment,80.0,0.0,0.0,0.0,125.06,0.0,-240.0,undercoupled
15,0,85,0,y-axis,treatment,85.0,0.0,0.0,0.0,125.06,0.0,-240.0,undercoupled
15,0,90,0,y-axis,treatment,90.0,0.0,0.0,0.0,125.06,0.0,-240.0,undercoupled
15,0,95,0,y-axis,treatment,95.0,0.0,0.0,0.0,125.06,0.0,-240.0,undercoupled
15,0,100,0,y-axis,treatment,100.0,0.0,0.0,0.0,125.06,0.0,-240.0,undercoupled
15,5,0,0,x-axis,treatment,5.0,0.69677,0.09380816,11.89585,125.06,585.95662,-15.548,overcoupled
15,5,5,0,diagonal,treatment,7.071,0.71171,0.09280455,11.76858,125.06,579.68772,-15.456,overcoupled
15,10,0,0,x-axis,treatment,10.0,0.74305,0.09079732,11.51405,125.06,567.1499,-15.269,overcoupled
15,10,10,0,diagonal,treatment,14.142,0.81223,0.08678286,11.00497,125.06,542.07428,-14.883,overcoupled
15,15,0,0,x-axis,treatment,15.0,0.83103,0.08577924,10.8777,125.06,535.80537,-14.783,overcoupled
15,15,15,0,diagonal,treatment,21.213,1.03383,0.07674671,9.73228,125.06,479.38521,-13.835,overcoupled
15,20,0,0,x-axis,treatment,20.0,0.98283,0.07875394,9.98682,125.06,491.92303,-14.055,overcoupled
15,20,20,0,diagonal,treatment,28.284,1.53312,0.06269611,7.95052,125.06,391.62052,-12.124,overcoupled
15,25,0,0,x-axis,treatment,25.0,1.24714,0.06972141,8.8414,125.06,435.50287,-13.02,overcoupled
15,25,25,0,diagonal,treatment,35.355,2.93572,0.04463105,5.65968,125.06,278.78021,-9.302,overcoupled
15,30,0,0,x-axis,treatment,30.0,1.74237,0.05868165,7.44144,125.06,366.5449,-11.568,overcoupled
15,30,30,0,diagonal,treatment,42.426,9.65723,0.02262751,2.8694,125.06,141.33888,-4.131,overcoupled
15,35,0,0,x-axis,treatment,35.0,2.81542,0.04563466,5.78695,125.06,285.04912,-9.484,overcoupled
15,35,35,0,diagonal,treatment,49.497,18.03904,0.00438482,0.55604,125.06,27.38901,-1.417,undercoupled
15,40,0,0,x-axis,treatment,40.0,5.84633,0.03058045,3.87792,125.06,191.01552,-6.311,overcoupled
15,40,40,0,diagonal,treatment,56.569,0.0,0.0,0.0,125.06,0.0,-240.0,undercoupled
15,45,0,0,x-axis,treatment,45.0,17.29569,0.01474394,1.86969,125.06,92.09551,-1.6,overcoupled
15,45,45,0,diagonal,treatment,63.64,0.0,0.0,0.0,125.06,0.0,-240.0,undercoupled
15,50,0,0,x-axis,treatment,50.0,14.42706,0.00362991,0.46031,125.06,22.6736,-2.388,undercoupled
15,50,50,0,diagonal,treatment,70.711,0.0,0.0,0.0,125.06,0.0,-240.0,undercoupled
15,55,0,0,x-axis,treatment,55.0,0.0,0.0,0.0,125.06,0.0,-240.0,undercoupled
15,55,55,0,diagonal,treatment,77.782,0.0,0.0,0.0,125.06,0.0,-240.0,undercoupled
15,60,0,0,x-axis,treatment,60.0,0.0,0.0,0.0,125.06,0.0,-240.0,undercoupled
15,60,60,0,diagonal,treatment,84.853,0.0,0.0,0.0,125.06,0.0,-240.0,undercoupled
15,65,0,0,x-axis,treatment,65.0,0.0,0.0,0.0,125.06,0.0,-240.0,undercoupled
15,65,65,0,diagonal,treatment,91.924,0.0,0.0,0.0,125.06,0.0,-240.0,undercoupled
15,70,0,0,x-axis,treatment,70.0,0.0,0.0,0.0,125.06,0.0,-240.0,undercoupled
15,70,70,0,diagonal,treatment,98.995,0.0,0.0,0.0,125.06,0.0,-240.0,undercoupled
15,75,0,0,x-axis,treatment,75.0,0.0,0.0,0.0,125.06,0.0,-240.0,undercoupled
15,80,0,0,x-axis,treatment,80.0,0.0,0.0,0.0,125.06,0.0,-240.0,undercoupled
15,85,0,0,x-axis,treatment,85.0,0.0,0.0,0.0,125.06,0.0,-240.0,undercoupled
15,90,0,0,x-axis,treatment,90.0,0.0,0.0,0.0,125.06,0.0,-240.0,undercoupled
15,95,0,0,x-axis,treatment,95.0,0.0,0.0,0.0,125.06,0.0,-240.0,undercoupled
15,100,0,0,x-axis,treatment,100.0,0.0,0.0,0.0,125.06,0.0,-240.0,undercoupled
20,0,0,0,x-axis,treatment,0.0,0.73704,0.0923828,11.56162,121.8,569.49321,-15.305,overcoupled
20,0,5,0,y-axis,treatment,5.0,0.75266,0.09140433,11.43916,121.8,563.46143,-15.213,overcoupled
20,0,10,0,y-axis,treatment,10.0,0.80261,0.08846892,11.0718,121.8,545.3661,-14.934,overcoupled
20,0,15,0,y-axis,treatment,15.0,0.89758,0.08357657,10.45953,121.8,515.20721,-14.449,overcoupled
20,0,20,0,y-axis,treatment,20.0,1.06139,0.07672727,9.60234,121.8,472.98476,-13.721,overcoupled
20,0,25,0,y-axis,treatment,25.0,1.34647,0.06792103,8.50025,121.8,418.69876,-12.687,overcoupled
20,0,30,0,y-axis,treatment,30.0,1.8801,0.05715785,7.15325,121.8,352.3492,-11.238,overcoupled
20,0,35,0,y-axis,treatment,35.0,3.03391,0.04443773,5.56134,121.8,273.93608,-9.159,overcoupled
20,0,40,0,y-axis,treatment,40.0,6.2719,0.02976066,3.72452,121.8,183.45941,-6.005,overcoupled
20,0,45,0,y-axis,treatment,45.0,18.09437,0.01432858,1.79321,121.8,88.32846,-1.404,overcoupled
20,0,50,0,y-axis,treatment,50.0,13.62206,0.00352214,0.44079,121.8,21.71221,-2.637,undercoupled
20,0,55,0,y-axis,treatment,55.0,0.0,0.0,0.0,121.8,0.0,-240.0,undercoupled
20,0,60,0,y-axis,treatment,60.0,0.0,0.0,0.0,121.8,0.0,-240.0,undercoupled
20,0,65,0,y-axis,treatment,65.0,0.0,0.0,0.0,121.8,0.0,-240.0,undercoupled
20,0,70,0,y-axis,treatment,70.0,0.0,0.0,0.0,121.8,0.0,-240.0,undercoupled
20,0,75,0,y-axis,treatment,75.0,0.0,0.0,0.0,121.8,0.0,-240.0,undercoupled
20,0,80,0,y-axis,treatment,80.0,0.0,0.0,0.0,121.8,0.0,-240.0,undercoupled
20,0,85,0,y-axis,treatment,85.0,0.0,0.0,0.0,121.8,0.0,-240.0,undercoupled
20,0,90,0,y-axis,treatment,90.0,0.0,0.0,0.0,121.8,0.0,-240.0,undercoupled
20,0,95,0,y-axis,treatment,95.0,0.0,0.0,0.0,121.8,0.0,-240.0,undercoupled
20,0,100,0,y-axis,treatment,100.0,0.0,0.0,0.0,121.8,0.0,-240.0,undercoupled
20,5,0,0,x-axis,treatment,5.0,0.75266,0.09140433,11.43916,121.8,563.46143,-15.213,overcoupled
20,5,5,0,diagonal,treatment,7.071,0.76878,0.09042586,11.31671,121.8,557.42965,-15.121,overcoupled
20,10,0,0,x-axis,treatment,10.0,0.80261,0.08846892,11.0718,121.8,545.3661,-14.934,overcoupled
20,10,10,0,diagonal,treatment,14.142,0.87729,0.08455504,10.58198,121.8,521.23899,-14.548,overcoupled
20,15,0,0,x-axis,treatment,15.0,0.89758,0.08357657,10.45953,121.8,515.20721,-14.449,overcoupled
20,15,15,0,diagonal,treatment,21.213,1.11641,0.07477033,9.35743,121.8,460.9212,-13.501,overcoupled
20,20,0,0,x-axis,treatment,20.0,1.06139,0.07672727,9.60234,121.8,472.98476,-13.721,overcoupled
20,20,20,0,diagonal,treatment,28.284,1.65471,0.06107173,7.64307,121.8,376.47631,-11.792,overcoupled
20,25,0,0,x-axis,treatment,25.0,1.34647,0.06792103,8.50025,121.8,418.69876,-12.687,overcoupled
20,25,25,0,diagonal,treatment,35.355,3.16303,0.04345926,5.43888,121.8,267.90431,-8.978,overcoupled
20,30,0,0,x-axis,treatment,30.0,1.8801,0.05715785,7.15325,121.8,352.3492,-11.238,overcoupled
20,30,30,0,diagonal,treatment,42.426,10.29064,0.02200754,2.75422,121.8,135.66533,-3.855,overcoupled
20,35,0,0,x-axis,treatment,35.0,3.03391,0.04443773,5.56134,121.8,273.93608,-9.159,overcoupled
20,35,35,0,diagonal,treatment,49.497,17.21193,0.00425511,0.53252,121.8,26.23057,-1.621,undercoupled
20,40,0,0,x-axis,treatment,40.0,6.2719,0.02976066,3.72452,121.8,183.45941,-6.005,overcoupled
20,40,40,0,diagonal,treatment,56.569,0.0,0.0,0.0,121.8,0.0,-240.0,undercoupled
20,45,0,0,x-axis,treatment,45.0,18.09437,0.01432858,1.79321,121.8,88.32846,-1.404,overcoupled
20,45,45,0,diagonal,treatment,63.64,0.0,0.0,0.0,121.8,0.0,-240.0,undercoupled
20,50,0,0,x-axis,treatment,50.0,13.62206,0.00352214,0.44079,121.8,21.71221,-2.637,undercoupled
20,50,50,0,diagonal,treatment,70.711,0.0,0.0,0.0,121.8,0.0,-240.0,undercoupled
20,55,0,0,x-axis,treatment,55.0,0.0,0.0,0.0,121.8,0.0,-240.0,undercoupled
20,55,55,0,diagonal,treatment,77.782,0.0,0.0,0.0,121.8,0.0,-240.0,undercoupled
20,60,0,0,x-axis,treatment,60.0,0.0,0.0,0.0,121.8,0.0,-240.0,undercoupled
20,60,60,0,diagonal,treatment,84.853,0.0,0.0,0.0,121.8,0.0,-240.0,undercoupled
20,65,0,0,x-axis,treatment,65.0,0.0,0.0,0.0,121.8,0.0,-240.0,undercoupled
20,65,65,0,diagonal,treatment,91.924,0.0,0.0,0.0,121.8,0.0,-240.0,undercoupled
20,70,0,0,x-axis,treatment,70.0,0.0,0.0,0.0,121.8,0.0,-240.0,undercoupled
20,70,70,0,diagonal,treatment,98.995,0.0,0.0,0.0,121.8,0.0,-240.0,undercoupled
20,75,0,0,x-axis,treatment,75.0,0.0,0.0,0.0,121.8,0.0,-240.0,undercoupled
20,80,0,0,x-axis,treatment,80.0,0.0,0.0,0.0,121.8,0.0,-240.0,undercoupled
20,85,0,0,x-axis,treatment,85.0,0.0,0.0,0.0,121.8,0.0,-240.0,undercoupled
20,90,0,0,x-axis,treatment,90.0,0.0,0.0,0.0,121.8,0.0,-240.0,undercoupled
20,95,0,0,x-axis,treatment,95.0,0.0,0.0,0.0,121.8,0.0,-240.0,undercoupled
20,100,0,0,x-axis,treatment,100.0,0.0,0.0,0.0,121.8,0.0,-240.0,undercoupled
25,0,0,0,x-axis,treatment,0.0,0.80008,0.090226,11.08964,117.48,546.24465,-14.948,overcoupled
25,0,5,0,y-axis,treatment,5.0,0.81702,0.08926982,10.97211,117.48,540.45581,-14.857,overcoupled
25,0,10,0,y-axis,treatment,10.0,0.8712,0.08640131,10.61954,117.48,523.08928,-14.578,overcoupled
25,0,15,0,y-axis,treatment,15.0,0.97419,0.08162044,10.03193,117.48,494.14506,-14.093,overcoupled
25,0,20,0,y-axis,treatment,20.0,1.15178,0.07492724,9.20927,117.48,453.62316,-13.366,overcoupled
25,0,25,0,y-axis,treatment,25.0,1.46064,0.06632168,8.15157,117.48,401.52358,-12.334,overcoupled
25,0,30,0,y-axis,treatment,30.0,2.03813,0.05580379,6.85882,117.48,337.84631,-10.887,overcoupled
25,0,35,0,y-axis,treatment,35.0,3.28353,0.04337354,5.33102,117.48,262.59135,-8.816,overcoupled
25,0,40,0,y-axis,treatment,40.0,6.75198,0.02903096,3.56818,117.48,175.75871,-5.685,overcoupled
25,0,45,0,y-axis,treatment,45.0,18.9288,0.01395801,1.71557,117.48,84.50434,-1.208,overcoupled
25,0,50,0,y-axis,treatment,50.0,12.79189,0.00342586,0.42107,117.48,20.74075,-2.91,undercoupled
25,0,55,0,y-axis,treatment,55.0,0.0,0.0,0.0,117.48,0.0,-240.0,undercoupled
25,0,60,0,y-axis,treatment,60.0,0.0,0.0,0.0,117.48,0.0,-240.0,undercoupled
25,0,65,0,y-axis,treatment,65.0,0.0,0.0,0.0,117.48,0.0,-240.0,undercoupled
25,0,70,0,y-axis,treatment,70.0,0.0,0.0,0.0,117.48,0.0,-240.0,undercoupled
25,0,75,0,y-axis,treatment,75.0,0.0,0.0,0.0,117.48,0.0,-240.0,undercoupled
25,0,80,0,y-axis,treatment,80.0,0.0,0.0,0.0,117.48,0.0,-240.0,undercoupled
25,0,85,0,y-axis,treatment,85.0,0.0,0.0,0.0,117.48,0.0,-240.0,undercoupled
25,0,90,0,y-axis,treatment,90.0,0.0,0.0,0.0,117.48,0.0,-240.0,undercoupled
25,0,95,0,y-axis,treatment,95.0,0.0,0.0,0.0,117.48,0.0,-240.0,undercoupled
25,0,100,0,y-axis,treatment,100.0,0.0,0.0,0.0,117.48,0.0,-240.0,undercoupled
25,5,0,0,x-axis,treatment,5.0,0.81702,0.08926982,10.97211,117.48,540.45581,-14.857,overcoupled
25,5,5,0,diagonal,treatment,7.071,0.83451,0.08831365,10.85459,117.48,534.66696,-14.765,overcoupled
25,10,0,0,x-axis,treatment,10.0,0.8712,0.08640131,10.61954,117.48,523.08928,-14.578,overcoupled
25,10,10,0,diagonal,treatment,14.142,0.95219,0.08257662,10.14945,117.48,499.93391,-14.192,overcoupled
25,15,0,0,x-axis,treatment,15.0,0.97419,0.08162044,10.03193,117.48,494.14506,-14.093,overcoupled
25,15,15,0,diagonal,treatment,21.213,1.2114,0.07301489,8.97423,117.48,442.04548,-13.147,overcoupled
25,20,0,0,x-axis,treatment,20.0,1.15178,0.07492724,9.20927,117.48,453.62316,-13.366,overcoupled
25,20,20,0,diagonal,treatment,28.284,1.79432,0.05962848,7.32891,117.48,361.00168,-11.44,overcoupled
25,25,0,0,x-axis,treatment,25.0,1.46064,0.06632168,8.15157,117.48,401.52358,-12.334,overcoupled
25,25,25,0,diagonal,treatment,35.355,3.42262,0.04241737,5.2135,117.48,256.80251,-8.636,overcoupled
25,30,0,0,x-axis,treatment,30.0,2.03813,0.05580379,6.85882,117.48,337.84631,-10.887,overcoupled
25,30,30,0,diagonal,treatment,42.426,10.99173,0.02145507,2.63703,117.48,129.89292,-3.569,overcoupled
25,35,0,0,x-axis,treatment,35.0,3.28353,0.04337354,5.33102,117.48,262.59135,-8.816,overcoupled
25,35,35,0,diagonal,treatment,49.497,16.3334,0.00413922,0.50875,117.48,25.05959,-1.849,undercoupled
25,40,0,0,x-axis,treatment,40.0,6.75198,0.02903096,3.56818,117.48,175.75871,-5.685,overcoupled
25,40,40,0,diagonal,treatment,56.569,0.0,0.0,0.0,117.48,0.0,-240.0,undercoupled
25,45,0,0,x-axis,treatment,45.0,18.9288,0.01395801,1.71557,117.48,84.50434,-1.208,overcoupled
25,45,45,0,diagonal,treatment,63.64,0.0,0.0,0.0,117.48,0.0,-240.0,undercoupled
25,50,0,0,x-axis,treatment,50.0,12.79189,0.00342586,0.42107,117.48,20.74075,-2.91,undercoupled
25,50,50,0,diagonal,treatment,70.711,0.0,0.0,0.0,117.48,0.0,-240.0,undercoupled
25,55,0,0,x-axis,treatment,55.0,0.0,0.0,0.0,117.48,0.0,-240.0,undercoupled
25,55,55,0,diagonal,treatment,77.782,0.0,0.0,0.0,117.48,0.0,-240.0,undercoupled
25,60,0,0,x-axis,treatment,60.0,0.0,0.0,0.0,117.48,0.0,-240.0,undercoupled
25,60,60,0,diagonal,treatment,84.853,0.0,0.0,0.0,117.48,0.0,-240.0,undercoupled
25,65,0,0,x-axis,treatment,65.0,0.0,0.0,0.0,117.48,0.0,-240.0,undercoupled
25,65,65,0,diagonal,treatment,91.924,0.0,0.0,0.0,117.48,0.0,-240.0,undercoupled
25,70,0,0,x-axis,treatment,70.0,0.0,0.0,0.0,117.48,0.0,-240.0,undercoupled
25,70,70,0,diagonal,treatment,98.995,0.0,0.0,0.0,117.48,0.0,-240.0,undercoupled
25,75,0,0,x-axis,treatment,75.0,0.0,0.0,0.0,117.48,0.0,-240.0,undercoupled
25,80,0,0,x-axis,treatment,80.0,0.0,0.0,0.0,117.48,0.0,-240.0,undercoupled
25,85,0,0,x-axis,treatment,85.0,0.0,0.0,0.0,117.48,0.0,-240.0,undercoupled
25,90,0,0,x-axis,treatment,90.0,0.0,0.0,0.0,117.48,0.0,-240.0,undercoupled
25,95,0,0,x-axis,treatment,95.0,0.0,0.0,0.0,117.48,0.0,-240.0,undercoupled
25,100,0,0,x-axis,treatment,100.0,0.0,0.0,0.0,117.48,0.0,-240.0,undercoupled
30,0,0,0,x-axis,treatment,0.0,0.86839,0.08848736,10.63707,112.38,523.95262,-14.592,overcoupled
30,0,5,0,y-axis,treatment,5.0,0.88676,0.08754912,10.52429,112.38,518.3971,-14.501,overcoupled
30,0,10,0,y-axis,treatment,10.0,0.94551,0.08473439,10.18593,112.38,501.73053,-14.223,overcoupled
30,0,15,0,y-axis,treatment,15.0,1.05715,0.08004319,9.622,112.38,473.95292,-13.738,overcoupled
30,0,20,0,y-axis,treatment,20.0,1.2496,0.07347551,8.8325,112.38,435.06426,-13.012,overcoupled
30,0,25,0,y-axis,treatment,25.0,1.58407,0.06503135,7.81742,112.38,385.06456,-11.982,overcoupled
30,0,30,0,y-axis,treatment,30.0,2.20862,0.0547107,6.57678,112.38,323.95382,-10.538,overcoupled
30,0,35,0,y-axis,treatment,35.0,3.55163,0.04251358,5.11056,112.38,251.73203,-8.475,overcoupled
30,0,40,0,y-axis,treatment,40.0,7.26029,0.02843997,3.41877,112.38,168.39919,-5.37,overcoupled
30,0,45,0,y-axis,treatment,45.0,19.73916,0.01365651,1.64165,112.38,80.86315,-1.026,overcoupled
30,0,50,0,y-axis,treatment,50.0,11.99265,0.00334724,0.40237,112.38,19.81971,-3.19,undercoupled
30,0,55,0,y-axis,treatment,55.0,0.0,0.0,0.0,112.38,0.0,-240.0,undercoupled
30,0,60,0,y-axis,treatment,60.0,0.0,0.0,0.0,112.38,0.0,-240.0,undercoupled
30,0,65,0,y-axis,treatment,65.0,0.0,0.0,0.0,112.38,0.0,-240.0,undercoupled
30,0,70,0,y-axis,treatment,70.0,0.0,0.0,0.0,112.38,0.0,-240.0,undercoupled
30,0,75,0,y-axis,treatment,75.0,0.0,0.0,0.0,112.38,0.0,-240.0,undercoupled
30,0,80,0,y-axis,treatment,80.0,0.0,0.0,0.0,112.38,0.0,-240.0,undercoupled
30,0,85,0,y-axis,treatment,85.0,0.0,0.0,0.0,112.38,0.0,-240.0,undercoupled
30,0,90,0,y-axis,treatment,90.0,0.0,0.0,0.0,112.38,0.0,-240.0,undercoupled
30,0,95,0,y-axis,treatment,95.0,0.0,0.0,0.0,112.38,0.0,-240.0,undercoupled
30,0,100,0,y-axis,treatment,100.0,0.0,0.0,0.0,112.38,0.0,-240.0,undercoupled
30,5,0,0,x-axis,treatment,5.0,0.88676,0.08754912,10.52429,112.38,518.3971,-14.501,overcoupled
30,5,5,0,diagonal,treatment,7.071,0.90573,0.08661088,10.4115,112.38,512.84157,-14.409,overcoupled
30,10,0,0,x-axis,treatment,10.0,0.94551,0.08473439,10.18593,112.38,501.73053,-14.223,overcoupled
30,10,10,0,diagonal,treatment,14.142,1.03331,0.08098143,9.73478,112.38,479.50844,-13.837,overcoupled
30,15,0,0,x-axis,treatment,15.0,1.05715,0.08004319,9.622,112.38,473.95292,-13.738,overcoupled
30,15,15,0,diagonal,treatment,21.213,1.31419,0.07159903,8.60692,112.38,423.95322,-12.793,overcoupled
30,20,0,0,x-axis,treatment,20.0,1.2496,0.07347551,8.8325,112.38,435.06426,-13.012,overcoupled
30,20,20,0,diagonal,treatment,28.284,1.94507,0.05846367,7.02792,112.38,346.1759,-11.09,overcoupled
30,25,0,0,x-axis,treatment,25.0,1.58407,0.06503135,7.81742,112.38,385.06456,-11.982,overcoupled
30,25,25,0,diagonal,treatment,35.355,3.70127,0.04157534,4.99777,112.38,246.1765,-8.296,overcoupled
30,30,0,0,x-axis,treatment,30.0,2.20862,0.0547107,6.57678,112.38,323.95382,-10.538,overcoupled
30,30,30,0,diagonal,treatment,42.426,11.71848,0.02100668,2.52521,112.38,124.38504,-3.291,overcoupled
30,35,0,0,x-axis,treatment,35.0,3.55163,0.04251358,5.11056,112.38,251.73203,-8.475,overcoupled
30,35,35,0,diagonal,treatment,49.497,15.46403,0.00404462,0.4862,112.38,23.94904,-2.086,undercoupled
30,40,0,0,x-axis,treatment,40.0,7.26029,0.02843997,3.41877,112.38,168.39919,-5.37,overcoupled
30,40,40,0,diagonal,treatment,56.569,0.0,0.0,0.0,112.38,0.0,-240.0,undercoupled
30,45,0,0,x-axis,treatment,45.0,19.73916,0.01365651,1.64165,112.38,80.86315,-1.026,overcoupled
30,45,45,0,diagonal,treatment,63.64,0.0,0.0,0.0,112.38,0.0,-240.0,undercoupled
30,50,0,0,x-axis,treatment,50.0,11.99265,0.00334724,0.40237,112.38,19.81971,-3.19,undercoupled
30,50,50,0,diagonal,treatment,70.711,0.0,0.0,0.0,112.38,0.0,-240.0,undercoupled
30,55,0,0,x-axis,treatment,55.0,0.0,0.0,0.0,112.38,0.0,-240.0,undercoupled
30,55,55,0,diagonal,treatment,77.782,0.0,0.0,0.0,112.38,0.0,-240.0,undercoupled
30,60,0,0,x-axis,treatment,60.0,0.0,0.0,0.0,112.38,0.0,-240.0,undercoupled
30,60,60,0,diagonal,treatment,84.853,0.0,0.0,0.0,112.38,0.0,-240.0,undercoupled
30,65,0,0,x-axis,treatment,65.0,0.0,0.0,0.0,112.38,0.0,-240.0,undercoupled
30,65,65,0,diagonal,treatment,91.924,0.0,0.0,0.0,112.38,0.0,-240.0,undercoupled
30,70,0,0,x-axis,treatment,70.0,0.0,0.0,0.0,112.38,0.0,-240.0,undercoupled
30,70,70,0,diagonal,treatment,98.995,0.0,0.0,0.0,112.38,0.0,-240.0,undercoupled
30,75,0,0,x-axis,treatment,75.0,0.0,0.0,0.0,112.38,0.0,-240.0,undercoupled
30,80,0,0,x-axis,treatment,80.0,0.0,0.0,0.0,112.38,0.0,-240.0,undercoupled
30,85,0,0,x-axis,treatment,85.0,0.0,0.0,0.0,112.38,0.0,-240.0,undercoupled
30,90,0,0,x-axis,treatment,90.0,0.0,0.0,0.0,112.38,0.0,-240.0,undercoupled
30,95,0,0,x-axis,treatment,95.0,0.0,0.0,0.0,112.38,0.0,-240.0,undercoupled
30,100,0,0,x-axis,treatment,100.0,0.0,0.0,0.0,112.38,0.0,-240.0,undercoupled
35,0,0,0,x-axis,treatment,0.0,0.9395,0.0871862,10.21909,106.84,503.36397,-14.25,overcoupled
35,0,5,0,y-axis,treatment,5.0,0.95936,0.08626133,10.11068,106.84,498.02426,-14.16,overcoupled
35,0,10,0,y-axis,treatment,10.0,1.02285,0.0834867,9.78547,106.84,482.00512,-13.881,overcoupled
35,0,15,0,y-axis,treatment,15.0,1.14347,0.07886232,9.24345,106.84,455.30655,-13.397,overcoupled
35,0,20,0,y-axis,treatment,20.0,1.3513,0.07238818,8.48461,106.84,417.92855,-12.672,overcoupled
35,0,25,0,y-axis,treatment,25.0,1.71226,0.0640643,7.50897,106.84,369.87113,-11.644,overcoupled
35,0,30,0,y-axis,treatment,30.0,2.3853,0.05389066,6.31652,106.84,311.13428,-10.204,overcoupled
35,0,35,0,y-axis,treatment,35.0,3.82808,0.04186727,4.90726,106.84,241.718,-8.15,overcoupled
35,0,40,0,y-axis,treatment,40.0,7.7766,0.02799412,3.28119,106.84,161.62229,-5.072,overcoupled
35,0,45,0,y-axis,treatment,45.0,20.48926,0.01342726,1.57381,106.84,77.52141,-0.864,overcoupled
35,0,50,0,y-axis,treatment,50.0,11.25457,0.00328706,0.38528,106.84,18.97763,-3.466,undercoupled
35,0,55,0,y-axis,treatment,55.0,0.0,0.0,0.0,106.84,0.0,-240.0,undercoupled
35,0,60,0,y-axis,treatment,60.0,0.0,0.0,0.0,106.84,0.0,-240.0,undercoupled
35,0,65,0,y-axis,treatment,65.0,0.0,0.0,0.0,106.84,0.0,-240.0,undercoupled
35,0,70,0,y-axis,treatment,70.0,0.0,0.0,0.0,106.84,0.0,-240.0,undercoupled
35,0,75,0,y-axis,treatment,75.0,0.0,0.0,0.0,106.84,0.0,-240.0,undercoupled
35,0,80,0,y-axis,treatment,80.0,0.0,0.0,0.0,106.84,0.0,-240.0,undercoupled
35,0,85,0,y-axis,treatment,85.0,0.0,0.0,0.0,106.84,0.0,-240.0,undercoupled
35,0,90,0,y-axis,treatment,90.0,0.0,0.0,0.0,106.84,0.0,-240.0,undercoupled
35,0,95,0,y-axis,treatment,95.0,0.0,0.0,0.0,106.84,0.0,-240.0,undercoupled
35,0,100,0,y-axis,treatment,100.0,0.0,0.0,0.0,106.84,0.0,-240.0,undercoupled
35,5,0,0,x-axis,treatment,5.0,0.95936,0.08626133,10.11068,106.84,498.02426,-14.16,overcoupled
35,5,5,0,diagonal,treatment,7.071,0.97986,0.08533645,10.00228,106.84,492.68455,-14.068,overcoupled
35,10,0,0,x-axis,treatment,10.0,1.02285,0.0834867,9.78547,106.84,482.00512,-13.881,overcoupled
35,10,10,0,diagonal,treatment,14.142,1.11771,0.07978719,9.35185,106.84,460.64626,-13.496,overcoupled
35,15,0,0,x-axis,treatment,15.0,1.14347,0.07886232,9.24345,106.84,455.30655,-13.397,overcoupled
35,15,15,0,diagonal,treatment,21.213,1.42104,0.07053843,8.26781,106.84,407.24913,-12.453,overcoupled
35,20,0,0,x-axis,treatment,20.0,1.3513,0.07238818,8.48461,106.84,417.92855,-12.672,overcoupled
35,20,20,0,diagonal,treatment,28.284,2.10144,0.05759016,6.75014,106.84,332.49313,-10.754,overcoupled
35,25,0,0,x-axis,treatment,25.0,1.71226,0.0640643,7.50897,106.84,369.87113,-11.644,overcoupled
35,25,25,0,diagonal,treatment,35.355,3.98844,0.04094239,4.79886,106.84,236.37828,-7.971,overcoupled
35,30,0,0,x-axis,treatment,30.0,2.3853,0.05389066,6.31652,106.84,311.13428,-10.204,overcoupled
35,30,30,0,diagonal,treatment,42.426,12.44026,0.02066715,2.4224,106.84,119.3205,-3.031,overcoupled
35,35,0,0,x-axis,treatment,35.0,3.82808,0.04186727,4.90726,106.84,241.718,-8.15,overcoupled
35,35,35,0,diagonal,treatment,49.497,14.64136,0.00397223,0.46558,106.84,22.93342,-2.324,undercoupled
35,40,0,0,x-axis,treatment,40.0,7.7766,0.02799412,3.28119,106.84,161.62229,-5.072,overcoupled
35,40,40,0,diagonal,treatment,56.569,0.0,0.0,0.0,106.84,0.0,-240.0,undercoupled
35,45,0,0,x-axis,treatment,45.0,20.48926,0.01342726,1.57381,106.84,77.52141,-0.864,overcoupled
35,45,45,0,diagonal,treatment,63.64,0.0,0.0,0.0,106.84,0.0,-240.0,undercoupled
35,50,0,0,x-axis,treatment,50.0,11.25457,0.00328706,0.38528,106.84,18.97763,-3.466,undercoupled
35,50,50,0,diagonal,treatment,70.711,0.0,0.0,0.0,106.84,0.0,-240.0,undercoupled
35,55,0,0,x-axis,treatment,55.0,0.0,0.0,0.0,106.84,0.0,-240.0,undercoupled
35,55,55,0,diagonal,treatment,77.782,0.0,0.0,0.0,106.84,0.0,-240.0,undercoupled
35,60,0,0,x-axis,treatment,60.0,0.0,0.0,0.0,106.84,0.0,-240.0,undercoupled
35,60,60,0,diagonal,treatment,84.853,0.0,0.0,0.0,106.84,0.0,-240.0,undercoupled
35,65,0,0,x-axis,treatment,65.0,0.0,0.0,0.0,106.84,0.0,-240.0,undercoupled
35,65,65,0,diagonal,treatment,91.924,0.0,0.0,0.0,106.84,0.0,-240.0,undercoupled
35,70,0,0,x-axis,treatment,70.0,0.0,0.0,0.0,106.84,0.0,-240.0,undercoupled
35,70,70,0,diagonal,treatment,98.995,0.0,0.0,0.0,106.84,0.0,-240.0,undercoupled
35,75,0,0,x-axis,treatment,75.0,0.0,0.0,0.0,106.84,0.0,-240.0,undercoupled
35,80,0,0,x-axis,treatment,80.0,0.0,0.0,0.0,106.84,0.0,-240.0,undercoupled
35,85,0,0,x-axis,treatment,85.0,0.0,0.0,0.0,106.84,0.0,-240.0,undercoupled
35,90,0,0,x-axis,treatment,90.0,0.0,0.0,0.0,106.84,0.0,-240.0,undercoupled
35,95,0,0,x-axis,treatment,95.0,0.0,0.0,0.0,106.84,0.0,-240.0,undercoupled
35,100,0,0,x-axis,treatment,100.0,0.0,0.0,0.0,106.84,0.0,-240.0,undercoupled
40,0,0,0,x-axis,treatment,0.0,1.01151,0.08628226,9.84133,101.17,484.75647,-13.93,overcoupled
40,0,5,0,y-axis,treatment,5.0,1.03287,0.0853666,9.73689,101.17,479.61205,-13.839,overcoupled
40,0,10,0,y-axis,treatment,10.0,1.10114,0.08261962,9.42357,101.17,464.1788,-13.561,overcoupled
40,0,15,0,y-axis,treatment,15.0,1.23081,0.07804132,8.90137,101.17,438.4567,-13.077,overcoupled
40,0,20,0,y-axis,treatment,20.0,1.45415,0.0716317,8.17029,101.17,402.44576,-12.353,overcoupled
40,0,25,0,y-axis,treatment,25.0,1.84173,0.06339076,7.23033,101.17,356.14598,-11.327,overcoupled
40,0,30,0,y-axis,treatment,30.0,2.56334,0.0533185,6.08149,101.17,299.55737,-9.891,overcoupled
40,0,35,0,y-axis,treatment,35.0,4.10529,0.04141492,4.72377,101.17,232.67991,-7.846,overcoupled
40,0,40,0,y-axis,treatment,40.0,8.28633,0.02768002,3.15717,101.17,155.51362,-4.796,overcoupled
40,0,45,0,y-axis,treatment,45.0,21.16131,0.01326354,1.51284,101.17,74.51806,-0.724,overcoupled
40,0,50,0,y-axis,treatment,50.0,10.58989,0.00324358,0.36996,101.17,18.22331,-3.73,undercoupled
40,0,55,0,y-axis,treatment,55.0,0.0,0.0,0.0,101.17,0.0,-240.0,undercoupled
40,0,60,0,y-axis,treatment,60.0,0.0,0.0,0.0,101.17,0.0,-240.0,undercoupled
40,0,65,0,y-axis,treatment,65.0,0.0,0.0,0.0,101.17,0.0,-240.0,undercoupled
40,0,70,0,y-axis,treatment,70.0,0.0,0.0,0.0,101.17,0.0,-240.0,undercoupled
40,0,75,0,y-axis,treatment,75.0,0.0,0.0,0.0,101.17,0.0,-240.0,undercoupled
40,0,80,0,y-axis,treatment,80.0,0.0,0.0,0.0,101.17,0.0,-240.0,undercoupled
40,0,85,0,y-axis,treatment,85.0,0.0,0.0,0.0,101.17,0.0,-240.0,undercoupled
40,0,90,0,y-axis,treatment,90.0,0.0,0.0,0.0,101.17,0.0,-240.0,undercoupled
40,0,95,0,y-axis,treatment,95.0,0.0,0.0,0.0,101.17,0.0,-240.0,undercoupled
40,0,100,0,y-axis,treatment,100.0,0.0,0.0,0.0,101.17,0.0,-240.0,undercoupled
40,5,0,0,x-axis,treatment,5.0,1.03287,0.0853666,9.73689,101.17,479.61205,-13.839,overcoupled
40,5,5,0,diagonal,treatment,7.071,1.05491,0.08445094,9.63245,101.17,474.46763,-13.747,overcoupled
40,10,0,0,x-axis,treatment,10.0,1.10114,0.08261962,9.42357,101.17,464.1788,-13.561,overcoupled
40,10,10,0,diagonal,treatment,14.142,1.20312,0.07895698,9.00581,101.17,443.60112,-13.176,overcoupled
40,15,0,0,x-axis,treatment,15.0,1.23081,0.07804132,8.90137,101.17,438.4567,-13.077,overcoupled
40,15,15,0,diagonal,treatment,21.213,1.52906,0.06980038,7.96141,101.17,392.15692,-12.135,overcoupled
40,20,0,0,x-axis,treatment,20.0,1.45415,0.0716317,8.17029,101.17,402.44576,-12.353,overcoupled
40,20,20,0,diagonal,treatment,28.284,2.25918,0.05698114,6.49925,101.17,320.13505,-10.44,overcoupled
40,25,0,0,x-axis,treatment,25.0,1.84173,0.06339076,7.23033,101.17,356.14598,-11.327,overcoupled
40,25,25,0,diagonal,treatment,35.355,4.27623,0.04049926,4.61933,101.17,227.53549,-7.669,overcoupled
40,30,0,0,x-axis,treatment,30.0,2.56334,0.0533185,6.08149,101.17,299.55737,-9.891,overcoupled
40,30,30,0,diagonal,treatment,42.426,13.13654,0.02042645,2.32983,101.17,114.76117,-2.795,overcoupled
40,35,0,0,x-axis,treatment,35.0,4.10529,0.04141492,4.72377,101.17,232.67991,-7.846,overcoupled
40,35,35,0,diagonal,treatment,49.497,13.88464,0.00391997,0.44711,101.17,22.02345,-2.554,undercoupled
40,40,0,0,x-axis,treatment,40.0,8.28633,0.02768002,3.15717,101.17,155.51362,-4.796,overcoupled
40,40,40,0,diagonal,treatment,56.569,0.0,0.0,0.0,101.17,0.0,-240.0,undercoupled
40,45,0,0,x-axis,treatment,45.0,21.16131,0.01326354,1.51284,101.17,74.51806,-0.724,overcoupled
40,45,45,0,diagonal,treatment,63.64,0.0,0.0,0.0,101.17,0.0,-240.0,undercoupled
40,50,0,0,x-axis,treatment,50.0,10.58989,0.00324358,0.36996,101.17,18.22331,-3.73,undercoupled
40,50,50,0,diagonal,treatment,70.711,0.0,0.0,0.0,101.17,0.0,-240.0,undercoupled
40,55,0,0,x-axis,treatment,55.0,0.0,0.0,0.0,101.17,0.0,-240.0,undercoupled
40,55,55,0,diagonal,treatment,77.782,0.0,0.0,0.0,101.17,0.0,-240.0,undercoupled
40,60,0,0,x-axis,treatment,60.0,0.0,0.0,0.0,101.17,0.0,-240.0,undercoupled
40,60,60,0,diagonal,treatment,84.853,0.0,0.0,0.0,101.17,0.0,-240.0,undercoupled
40,65,0,0,x-axis,treatment,65.0,0.0,0.0,0.0,101.17,0.0,-240.0,undercoupled
40,65,65,0,diagonal,treatment,91.924,0.0,0.0,0.0,101.17,0.0,-240.0,undercoupled
40,70,0,0,x-axis,treatment,70.0,0.0,0.0,0.0,101.17,0.0,-240.0,undercoupled
40,70,70,0,diagonal,treatment,98.995,0.0,0.0,0.0,101.17,0.0,-240.0,undercoupled
40,75,0,0,x-axis,treatment,75.0,0.0,0.0,0.0,101.17,0.0,-240.0,undercoupled
40,80,0,0,x-axis,treatment,80.0,0.0,0.0,0.0,101.17,0.0,-240.0,undercoupled
40,85,0,0,x-axis,treatment,85.0,0.0,0.0,0.0,101.17,0.0,-240.0,undercoupled
40,90,0,0,x-axis,treatment,90.0,0.0,0.0,0.0,101.17,0.0,-240.0,undercoupled
40,95,0,0,x-axis,treatment,95.0,0.0,0.0,0.0,101.17,0.0,-240.0,undercoupled
40,100,0,0,x-axis,treatment,100.0,0.0,0.0,0.0,101.17,0.0,-240.0,undercoupled
45,0,0,0,x-axis,treatment,0.0,1.08298,0.08571638,9.50404,95.61,468.14247,-13.633,overcoupled
45,0,5,0,y-axis,treatment,5.0,1.10582,0.08480641,9.40314,95.61,463.17261,-13.543,overcoupled
45,0,10,0,y-axis,treatment,10.0,1.17882,0.08207649,9.10045,95.61,448.26306,-13.265,overcoupled
45,0,15,0,y-axis,treatment,15.0,1.31745,0.07752661,8.59597,95.61,423.4138,-12.782,overcoupled
45,0,20,0,y-axis,treatment,20.0,1.55609,0.07115679,7.8897,95.61,388.62483,-12.059,overcoupled
45,0,25,0,y-axis,treatment,25.0,1.96991,0.06296702,6.98164,95.61,343.89617,-11.035,overcoupled
45,0,30,0,y-axis,treatment,30.0,2.73921,0.0529573,5.87178,95.61,289.2278,-9.603,overcoupled
45,0,35,0,y-axis,treatment,35.0,4.37772,0.04112763,4.56014,95.61,224.61972,-7.567,overcoupled
45,0,40,0,y-axis,treatment,40.0,8.77955,0.02747801,3.0467,95.61,150.07194,-4.545,overcoupled
45,0,45,0,y-axis,treatment,45.0,21.75009,0.01315557,1.45866,95.61,71.84954,-0.605,overcoupled
45,0,50,0,y-axis,treatment,50.0,10.00002,0.0032143,0.35639,95.61,17.555,-3.979,undercoupled
45,0,55,0,y-axis,treatment,55.0,0.0,0.0,0.0,95.61,0.0,-240.0,undercoupled
45,0,60,0,y-axis,treatment,60.0,0.0,0.0,0.0,95.61,0.0,-240.0,undercoupled
45,0,65,0,y-axis,treatment,65.0,0.0,0.0,0.0,95.61,0.0,-240.0,undercoupled
45,0,70,0,y-axis,treatment,70.0,0.0,0.0,0.0,95.61,0.0,-240.0,undercoupled
45,0,75,0,y-axis,treatment,75.0,0.0,0.0,0.0,95.61,0.0,-240.0,undercoupled
45,0,80,0,y-axis,treatment,80.0,0.0,0.0,0.0,95.61,0.0,-240.0,undercoupled
45,0,85,0,y-axis,treatment,85.0,0.0,0.0,0.0,95.61,0.0,-240.0,undercoupled
45,0,90,0,y-axis,treatment,90.0,0.0,0.0,0.0,95.61,0.0,-240.0,undercoupled
45,0,95,0,y-axis,treatment,95.0,0.0,0.0,0.0,95.61,0.0,-240.0,undercoupled
45,0,100,0,y-axis,treatment,100.0,0.0,0.0,0.0,95.61,0.0,-240.0,undercoupled
45,5,0,0,x-axis,treatment,5.0,1.10582,0.08480641,9.40314,95.61,463.17261,-13.543,overcoupled
45,5,5,0,diagonal,treatment,7.071,1.12939,0.08389643,9.30225,95.61,458.20276,-13.451,overcoupled
45,10,0,0,x-axis,treatment,10.0,1.17882,0.08207649,9.10045,95.61,448.26306,-13.265,overcoupled
45,10,10,0,diagonal,treatment,14.142,1.28785,0.07843659,8.69687,95.61,428.38365,-12.881,overcoupled
45,15,0,0,x-axis,treatment,15.0,1.31745,0.07752661,8.59597,95.61,423.4138,-12.782,overcoupled
45,15,15,0,diagonal,treatment,21.213,1.6361,0.06933684,7.68791,95.61,378.68513,-11.841,overcoupled
45,20,0,0,x-axis,treatment,20.0,1.55609,0.07115679,7.8897,95.61,388.62483,-12.059,overcoupled
45,20,20,0,diagonal,treatment,28.284,2.41513,0.0565972,6.27537,95.61,309.1072,-10.15,overcoupled
45,25,0,0,x-axis,treatment,25.0,1.96991,0.06296702,6.98164,95.61,343.89617,-11.035,overcoupled
45,25,25,0,diagonal,treatment,35.355,4.5589,0.04021766,4.45924,95.61,219.64987,-7.391,overcoupled
45,30,0,0,x-axis,treatment,30.0,2.73921,0.0529573,5.87178,95.61,289.2278,-9.603,overcoupled
45,30,30,0,diagonal,treatment,42.426,13.79481,0.02026982,2.24747,95.61,110.70423,-2.582,overcoupled
45,35,0,0,x-axis,treatment,35.0,4.37772,0.04112763,4.56014,95.61,224.61972,-7.567,overcoupled
45,35,35,0,diagonal,treatment,49.497,13.20081,0.00388482,0.43074,95.61,21.21706,-2.773,undercoupled
45,40,0,0,x-axis,treatment,40.0,8.77955,0.02747801,3.0467,95.61,150.07194,-4.545,overcoupled
45,40,40,0,diagonal,treatment,56.569,0.0,0.0,0.0,95.61,0.0,-240.0,undercoupled
45,45,0,0,x-axis,treatment,45.0,21.75009,0.01315557,1.45866,95.61,71.84954,-0.605,overcoupled
45,45,45,0,diagonal,treatment,63.64,0.0,0.0,0.0,95.61,0.0,-240.0,undercoupled
45,50,0,0,x-axis,treatment,50.0,10.00002,0.0032143,0.35639,95.61,17.555,-3.979,undercoupled
45,50,50,0,diagonal,treatment,70.711,0.0,0.0,0.0,95.61,0.0,-240.0,undercoupled
45,55,0,0,x-axis,treatment,55.0,0.0,0.0,0.0,95.61,0.0,-240.0,undercoupled
45,55,55,0,diagonal,treatment,77.782,0.0,0.0,0.0,95.61,0.0,-240.0,undercoupled
45,60,0,0,x-axis,treatment,60.0,0.0,0.0,0.0,95.61,0.0,-240.0,undercoupled
45,60,60,0,diagonal,treatment,84.853,0.0,0.0,0.0,95.61,0.0,-240.0,undercoupled
45,65,0,0,x-axis,treatment,65.0,0.0,0.0,0.0,95.61,0.0,-240.0,undercoupled
45,65,65,0,diagonal,treatment,91.924,0.0,0.0,0.0,95.61,0.0,-240.0,undercoupled
45,70,0,0,x-axis,treatment,70.0,0.0,0.0,0.0,95.61,0.0,-240.0,undercoupled
45,70,70,0,diagonal,treatment,98.995,0.0,0.0,0.0,95.61,0.0,-240.0,undercoupled
45,75,0,0,x-axis,treatment,75.0,0.0,0.0,0.0,95.61,0.0,-240.0,undercoupled
45,80,0,0,x-axis,treatment,80.0,0.0,0.0,0.0,95.61,0.0,-240.0,undercoupled
45,85,0,0,x-axis,treatment,85.0,0.0,0.0,0.0,95.61,0.0,-240.0,undercoupled
45,90,0,0,x-axis,treatment,90.0,0.0,0.0,0.0,95.61,0.0,-240.0,undercoupled
45,95,0,0,x-axis,treatment,95.0,0.0,0.0,0.0,95.61,0.0,-240.0,undercoupled
45,100,0,0,x-axis,treatment,100.0,0.0,0.0,0.0,95.61,0.0,-240.0,undercoupled
50,0,0,0,x-axis,treatment,0.0,1.15288,0.08542943,9.20476,90.28,453.40105,-13.362,overcoupled
50,0,5,0,y-axis,treatment,5.0,1.17717,0.08452223,9.10701,90.28,448.58624,-13.271,overcoupled
50,0,10,0,y-axis,treatment,10.0,1.25478,0.08180062,8.81377,90.28,434.14182,-12.994,overcoupled
50,0,15,0,y-axis,treatment,15.0,1.40212,0.07726461,8.32503,90.28,410.06777,-12.512,overcoupled
50,0,20,0,y-axis,treatment,20.0,1.65566,0.07091419,7.64079,90.28,376.36411,-11.79,overcoupled
50,0,25,0,y-axis,treatment,25.0,2.09495,0.06274938,6.76106,90.28,333.03083,-10.768,overcoupled
50,0,30,0,y-axis,treatment,30.0,2.9104,0.05277015,5.68582,90.28,280.06793,-9.34,overcoupled
50,0,35,0,y-axis,treatment,35.0,4.64158,0.04097653,4.4151,90.28,217.47541,-7.313,overcoupled
50,0,40,0,y-axis,treatment,40.0,9.24997,0.02736849,2.94887,90.28,145.25328,-4.318,overcoupled
50,0,45,0,y-axis,treatment,45.0,22.25799,0.01309359,1.41079,90.28,69.49183,-0.505,overcoupled
50,0,50,0,y-axis,treatment,50.0,9.4807,0.00319672,0.34444,90.28,16.96598,-4.211,undercoupled
50,0,55,0,y-axis,treatment,55.0,0.0,0.0,0.0,90.28,0.0,-240.0,undercoupled
50,0,60,0,y-axis,treatment,60.0,0.0,0.0,0.0,90.28,0.0,-240.0,undercoupled
50,0,65,0,y-axis,treatment,65.0,0.0,0.0,0.0,90.28,0.0,-240.0,undercoupled
50,0,70,0,y-axis,treatment,70.0,0.0,0.0,0.0,90.28,0.0,-240.0,undercoupled
50,0,75,0,y-axis,treatment,75.0,0.0,0.0,0.0,90.28,0.0,-240.0,undercoupled
50,0,80,0,y-axis,treatment,80.0,0.0,0.0,0.0,90.28,0.0,-240.0,undercoupled
50,0,85,0,y-axis,treatment,85.0,0.0,0.0,0.0,90.28,0.0,-240.0,undercoupled
50,0,90,0,y-axis,treatment,90.0,0.0,0.0,0.0,90.28,0.0,-240.0,undercoupled
50,0,95,0,y-axis,treatment,95.0,0.0,0.0,0.0,90.28,0.0,-240.0,undercoupled
50,0,100,0,y-axis,treatment,100.0,0.0,0.0,0.0,90.28,0.0,-240.0,undercoupled
50,5,0,0,x-axis,treatment,5.0,1.17717,0.08452223,9.10701,90.28,448.58624,-13.271,overcoupled
50,5,5,0,diagonal,treatment,7.071,1.20222,0.08361502,9.00927,90.28,443.77143,-13.18,overcoupled
50,10,0,0,x-axis,treatment,10.0,1.25478,0.08180062,8.81377,90.28,434.14182,-12.994,overcoupled
50,10,10,0,diagonal,treatment,14.142,1.37067,0.07817181,8.42278,90.28,414.88258,-12.61,overcoupled
50,15,0,0,x-axis,treatment,15.0,1.40212,0.07726461,8.32503,90.28,410.06777,-12.512,overcoupled
50,15,15,0,diagonal,treatment,21.213,1.74063,0.06909979,7.44529,90.28,366.73449,-11.572,overcoupled
50,20,0,0,x-axis,treatment,20.0,1.65566,0.07091419,7.64079,90.28,376.36411,-11.79,overcoupled
50,20,20,0,diagonal,treatment,28.284,2.56708,0.05639896,6.07682,90.28,299.32716,-9.885,overcoupled
50,25,0,0,x-axis,treatment,25.0,2.09495,0.06274938,6.76106,90.28,333.03083,-10.768,overcoupled
50,25,25,0,diagonal,treatment,35.355,4.83252,0.04006932,4.31735,90.28,212.6606,-7.138,overcoupled
50,30,0,0,x-axis,treatment,30.0,2.9104,0.05277015,5.68582,90.28,280.06793,-9.34,overcoupled
50,30,30,0,diagonal,treatment,42.426,14.4084,0.02018256,2.17461,90.28,107.11526,-2.393,overcoupled
50,35,0,0,x-axis,treatment,35.0,4.64158,0.04097653,4.4151,90.28,217.47541,-7.313,overcoupled
50,35,35,0,diagonal,treatment,49.497,12.58937,0.00386377,0.41631,90.28,20.50623,-2.979,undercoupled
50,40,0,0,x-axis,treatment,40.0,9.24997,0.02736849,2.94887,90.28,145.25328,-4.318,overcoupled
50,40,40,0,diagonal,treatment,56.569,0.0,0.0,0.0,90.28,0.0,-240.0,undercoupled
50,45,0,0,x-axis,treatment,45.0,22.25799,0.01309359,1.41079,90.28,69.49183,-0.505,overcoupled
50,45,45,0,diagonal,treatment,63.64,0.0,0.0,0.0,90.28,0.0,-240.0,undercoupled
50,50,0,0,x-axis,treatment,50.0,9.4807,0.00319672,0.34444,90.28,16.96598,-4.211,undercoupled
50,50,50,0,diagonal,treatment,70.711,0.0,0.0,0.0,90.28,0.0,-240.0,undercoupled
50,55,0,0,x-axis,treatment,55.0,0.0,0.0,0.0,90.28,0.0,-240.0,undercoupled
50,55,55,0,diagonal,treatment,77.782,0.0,0.0,0.0,90.28,0.0,-240.0,undercoupled
50,60,0,0,x-axis,treatment,60.0,0.0,0.0,0.0,90.28,0.0,-240.0,undercoupled
50,60,60,0,diagonal,treatment,84.853,0.0,0.0,0.0,90.28,0.0,-240.0,undercoupled
50,65,0,0,x-axis,treatment,65.0,0.0,0.0,0.0,90.28,0.0,-240.0,undercoupled
50,65,65,0,diagonal,treatment,91.924,0.0,0.0,0.0,90.28,0.0,-240.0,undercoupled
50,70,0,0,x-axis,treatment,70.0,0.0,0.0,0.0,90.28,0.0,-240.0,undercoupled
50,70,70,0,diagonal,treatment,98.995,0.0,0.0,0.0,90.28,0.0,-240.0,undercoupled
50,75,0,0,x-axis,treatment,75.0,0.0,0.0,0.0,90.28,0.0,-240.0,undercoupled
50,80,0,0,x-axis,treatment,80.0,0.0,0.0,0.0,90.28,0.0,-240.0,undercoupled
50,85,0,0,x-axis,treatment,85.0,0.0,0.0,0.0,90.28,0.0,-240.0,undercoupled
50,90,0,0,x-axis,treatment,90.0,0.0,0.0,0.0,90.28,0.0,-240.0,undercoupled
50,95,0,0,x-axis,treatment,95.0,0.0,0.0,0.0,90.28,0.0,-240.0,undercoupled
50,100,0,0,x-axis,treatment,100.0,0.0,0.0,0.0,90.28,0.0,-240.0,undercoupled
55,0,0,0,x-axis,treatment,0.0,1.22049,0.08536916,8.93991,85.28,440.35519,-13.114,overcoupled
55,0,5,0,y-axis,treatment,5.0,1.24617,0.08446236,8.84495,85.28,435.67771,-13.024,overcoupled
55,0,10,0,y-axis,treatment,10.0,1.32823,0.08174197,8.56007,85.28,421.64526,-12.747,overcoupled
55,0,15,0,y-axis,treatment,15.0,1.48397,0.07720798,8.08527,85.28,398.25784,-12.265,overcoupled
55,0,20,0,y-axis,treatment,20.0,1.75185,0.07086041,7.42055,85.28,365.51546,-11.544,overcoupled
55,0,25,0,y-axis,treatment,25.0,2.21561,0.06269923,6.5659,85.28,323.41812,-10.524,overcoupled
55,0,30,0,y-axis,treatment,30.0,3.07522,0.05272447,5.52134,85.28,271.96581,-9.101,overcoupled
55,0,35,0,y-axis,treatment,35.0,4.8944,0.0409361,4.28685,85.28,211.15853,-7.082,overcoupled
55,0,40,0,y-axis,treatment,40.0,9.694,0.02733415,2.86245,85.28,140.99629,-4.114,overcoupled
55,0,45,0,y-axis,treatment,45.0,22.69152,0.01306898,1.36859,85.28,67.41301,-0.421,overcoupled
55,0,50,0,y-axis,treatment,50.0,9.02514,0.00318863,0.33392,85.28,16.44774,-4.425,undercoupled
55,0,55,0,y-axis,treatment,55.0,0.0,0.0,0.0,85.28,0.0,-240.0,undercoupled
55,0,60,0,y-axis,treatment,60.0,0.0,0.0,0.0,85.28,0.0,-240.0,undercoupled
55,0,65,0,y-axis,treatment,65.0,0.0,0.0,0.0,85.28,0.0,-240.0,undercoupled
55,0,70,0,y-axis,treatment,70.0,0.0,0.0,0.0,85.28,0.0,-240.0,undercoupled
55,0,75,0,y-axis,treatment,75.0,0.0,0.0,0.0,85.28,0.0,-240.0,undercoupled
55,0,80,0,y-axis,treatment,80.0,0.0,0.0,0.0,85.28,0.0,-240.0,undercoupled
55,0,85,0,y-axis,treatment,85.0,0.0,0.0,0.0,85.28,0.0,-240.0,undercoupled
55,0,90,0,y-axis,treatment,90.0,0.0,0.0,0.0,85.28,0.0,-240.0,undercoupled
55,0,95,0,y-axis,treatment,95.0,0.0,0.0,0.0,85.28,0.0,-240.0,undercoupled
55,0,100,0,y-axis,treatment,100.0,0.0,0.0,0.0,85.28,0.0,-240.0,undercoupled
55,5,0,0,x-axis,treatment,5.0,1.24617,0.08446236,8.84495,85.28,435.67771,-13.024,overcoupled
55,5,5,0,diagonal,treatment,7.071,1.27266,0.08355556,8.74999,85.28,431.00022,-12.932,overcoupled
55,10,0,0,x-axis,treatment,10.0,1.32823,0.08174197,8.56007,85.28,421.64526,-12.747,overcoupled
55,10,10,0,diagonal,treatment,14.142,1.45072,0.07811478,8.18023,85.28,402.93533,-12.364,overcoupled
55,15,0,0,x-axis,treatment,15.0,1.48397,0.07720798,8.08527,85.28,398.25784,-12.265,overcoupled
55,15,15,0,diagonal,treatment,21.213,1.84158,0.06904681,7.23062,85.28,356.1605,-11.327,overcoupled
55,20,0,0,x-axis,treatment,20.0,1.75185,0.07086041,7.42055,85.28,365.51546,-11.544,overcoupled
55,20,20,0,diagonal,treatment,28.284,2.71351,0.05635165,5.90118,85.28,290.67574,-9.644,overcoupled
55,25,0,0,x-axis,treatment,25.0,2.21561,0.06269923,6.5659,85.28,323.41812,-10.524,overcoupled
55,25,25,0,diagonal,treatment,35.355,5.09453,0.04002931,4.19189,85.28,206.48105,-6.908,overcoupled
55,30,0,0,x-axis,treatment,30.0,3.07522,0.05272447,5.52134,85.28,271.96581,-9.101,overcoupled
55,30,30,0,diagonal,treatment,42.426,14.97476,0.02015168,2.1103,85.28,103.94735,-2.226,overcoupled
55,35,0,0,x-axis,treatment,35.0,4.8944,0.0409361,4.28685,85.28,211.15853,-7.082,overcoupled
55,35,35,0,diagonal,treatment,49.497,12.04588,0.00385416,0.40361,85.28,19.88072,-3.171,undercoupled
55,40,0,0,x-axis,treatment,40.0,9.694,0.02733415,2.86245,85.28,140.99629,-4.114,overcoupled
55,40,40,0,diagonal,treatment,56.569,0.0,0.0,0.0,85.28,0.0,-240.0,undercoupled
55,45,0,0,x-axis,treatment,45.0,22.69152,0.01306898,1.36859,85.28,67.41301,-0.421,overcoupled
55,45,45,0,diagonal,treatment,63.64,0.0,0.0,0.0,85.28,0.0,-240.0,undercoupled
55,50,0,0,x-axis,treatment,50.0,9.02514,0.00318863,0.33392,85.28,16.44774,-4.425,undercoupled
55,50,50,0,diagonal,treatment,70.711,0.0,0.0,0.0,85.28,0.0,-240.0,undercoupled
55,55,0,0,x-axis,treatment,55.0,0.0,0.0,0.0,85.28,0.0,-240.0,undercoupled
55,55,55,0,diagonal,treatment,77.782,0.0,0.0,0.0,85.28,0.0,-240.0,undercoupled
55,60,0,0,x-axis,treatment,60.0,0.0,0.0,0.0,85.28,0.0,-240.0,undercoupled
55,60,60,0,diagonal,treatment,84.853,0.0,0.0,0.0,85.28,0.0,-240.0,undercoupled
55,65,0,0,x-axis,treatment,65.0,0.0,0.0,0.0,85.28,0.0,-240.0,undercoupled
55,65,65,0,diagonal,treatment,91.924,0.0,0.0,0.0,85.28,0.0,-240.0,undercoupled
55,70,0,0,x-axis,treatment,70.0,0.0,0.0,0.0,85.28,0.0,-240.0,undercoupled
55,70,70,0,diagonal,treatment,98.995,0.0,0.0,0.0,85.28,0.0,-240.0,undercoupled
55,75,0,0,x-axis,treatment,75.0,0.0,0.0,0.0,85.28,0.0,-240.0,undercoupled
55,80,0,0,x-axis,treatment,80.0,0.0,0.0,0.0,85.28,0.0,-240.0,undercoupled
55,85,0,0,x-axis,treatment,85.0,0.0,0.0,0.0,85.28,0.0,-240.0,undercoupled
55,90,0,0,x-axis,treatment,90.0,0.0,0.0,0.0,85.28,0.0,-240.0,undercoupled
55,95,0,0,x-axis,treatment,95.0,0.0,0.0,0.0,85.28,0.0,-240.0,undercoupled
55,100,0,0,x-axis,treatment,100.0,0.0,0.0,0.0,85.28,0.0,-240.0,undercoupled
60,0,0,0,x-axis,treatment,0.0,1.28534,0.08549177,8.70559,80.64,428.81343,-12.889,overcoupled
60,0,5,0,y-axis,treatment,5.0,1.31235,0.08458347,8.6131,80.64,424.25753,-12.799,overcoupled
60,0,10,0,y-axis,treatment,10.0,1.39866,0.08185856,8.33563,80.64,410.58983,-12.522,overcoupled
60,0,15,0,y-axis,treatment,15.0,1.56243,0.07731705,7.87317,80.64,387.81033,-12.041,overcoupled
60,0,20,0,y-axis,treatment,20.0,1.84399,0.07095894,7.22572,80.64,355.91903,-11.322,overcoupled
60,0,25,0,y-axis,treatment,25.0,2.33107,0.06278423,6.39329,80.64,314.91593,-10.304,overcoupled
60,0,30,0,y-axis,treatment,30.0,3.23261,0.05279291,5.37588,80.64,264.80103,-8.884,overcoupled
60,0,35,0,y-axis,treatment,35.0,5.13468,0.04098499,4.17349,80.64,205.57434,-6.874,overcoupled
60,0,40,0,y-axis,treatment,40.0,10.10998,0.02736046,2.78611,80.64,137.23584,-3.932,overcoupled
60,0,45,0,y-axis,treatment,45.0,23.05893,0.01307453,1.33137,80.64,65.5798,-0.351,overcoupled
60,0,50,0,y-axis,treatment,50.0,8.62586,0.00318821,0.32465,80.64,15.99155,-4.621,undercoupled
60,0,55,0,y-axis,treatment,55.0,0.0,0.0,0.0,80.64,0.0,-240.0,undercoupled
60,0,60,0,y-axis,treatment,60.0,0.0,0.0,0.0,80.64,0.0,-240.0,undercoupled
60,0,65,0,y-axis,treatment,65.0,0.0,0.0,0.0,80.64,0.0,-240.0,undercoupled
60,0,70,0,y-axis,treatment,70.0,0.0,0.0,0.0,80.64,0.0,-240.0,undercoupled
60,0,75,0,y-axis,treatment,75.0,0.0,0.0,0.0,80.64,0.0,-240.0,undercoupled
60,0,80,0,y-axis,treatment,80.0,0.0,0.0,0.0,80.64,0.0,-240.0,undercoupled
60,0,85,0,y-axis,treatment,85.0,0.0,0.0,0.0,80.64,0.0,-240.0,undercoupled
60,0,90,0,y-axis,treatment,90.0,0.0,0.0,0.0,80.64,0.0,-240.0,undercoupled
60,0,95,0,y-axis,treatment,95.0,0.0,0.0,0.0,80.64,0.0,-240.0,undercoupled
60,0,100,0,y-axis,treatment,100.0,0.0,0.0,0.0,80.64,0.0,-240.0,undercoupled
60,5,0,0,x-axis,treatment,5.0,1.31235,0.08458347,8.6131,80.64,424.25753,-12.799,overcoupled
60,5,5,0,diagonal,treatment,7.071,1.34022,0.08367516,8.52061,80.64,419.70163,-12.708,overcoupled
60,10,0,0,x-axis,treatment,10.0,1.39866,0.08185856,8.33563,80.64,410.58983,-12.522,overcoupled
60,10,10,0,diagonal,treatment,14.142,1.52748,0.07822535,7.96566,80.64,392.36623,-12.14,overcoupled
60,15,0,0,x-axis,treatment,15.0,1.56243,0.07731705,7.87317,80.64,387.81033,-12.041,overcoupled
60,15,15,0,diagonal,treatment,21.213,1.93828,0.06914234,7.04074,80.64,346.80723,-11.105,overcoupled
60,20,0,0,x-axis,treatment,20.0,1.84399,0.07095894,7.22572,80.64,355.91903,-11.322,overcoupled
60,20,20,0,diagonal,treatment,28.284,2.85347,0.05642612,5.74585,80.64,283.02463,-9.426,overcoupled
60,25,0,0,x-axis,treatment,25.0,2.33107,0.06278423,6.39329,80.64,314.91593,-10.304,overcoupled
60,25,25,0,diagonal,treatment,35.355,5.34343,0.04007669,4.08099,80.64,201.01844,-6.701,overcoupled
60,30,0,0,x-axis,treatment,30.0,3.23261,0.05279291,5.37588,80.64,264.80103,-8.884,overcoupled
60,30,30,0,diagonal,treatment,42.426,15.49401,0.0201663,2.05353,80.64,101.15102,-2.078,overcoupled
60,35,0,0,x-axis,treatment,35.0,5.13468,0.04098499,4.17349,80.64,205.57434,-6.874,overcoupled
60,35,35,0,diagonal,treatment,49.497,11.56413,0.0038538,0.39243,80.64,19.33004,-3.348,undercoupled
60,40,0,0,x-axis,treatment,40.0,10.10998,0.02736046,2.78611,80.64,137.23584,-3.932,overcoupled
60,40,40,0,diagonal,treatment,56.569,0.0,0.0,0.0,80.64,0.0,-240.0,undercoupled
60,45,0,0,x-axis,treatment,45.0,23.05893,0.01307453,1.33137,80.64,65.5798,-0.351,overcoupled
60,45,45,0,diagonal,treatment,63.64,0.0,0.0,0.0,80.64,0.0,-240.0,undercoupled
60,50,0,0,x-axis,treatment,50.0,8.62586,0.00318821,0.32465,80.64,15.99155,-4.621,undercoupled
60,50,50,0,diagonal,treatment,70.711,0.0,0.0,0.0,80.64,0.0,-240.0,undercoupled
60,55,0,0,x-axis,treatment,55.0,0.0,0.0,0.0,80.64,0.0,-240.0,undercoupled
60,55,55,0,diagonal,treatment,77.782,0.0,0.0,0.0,80.64,0.0,-240.0,undercoupled
60,60,0,0,x-axis,treatment,60.0,0.0,0.0,0.0,80.64,0.0,-240.0,undercoupled
60,60,60,0,diagonal,treatment,84.853,0.0,0.0,0.0,80.64,0.0,-240.0,undercoupled
60,65,0,0,x-axis,treatment,65.0,0.0,0.0,0.0,80.64,0.0,-240.0,undercoupled
60,65,65,0,diagonal,treatment,91.924,0.0,0.0,0.0,80.64,0.0,-240.0,undercoupled
60,70,0,0,x-axis,treatment,70.0,0.0,0.0,0.0,80.64,0.0,-240.0,undercoupled
60,70,70,0,diagonal,treatment,98.995,0.0,0.0,0.0,80.64,0.0,-240.0,undercoupled
60,75,0,0,x-axis,treatment,75.0,0.0,0.0,0.0,80.64,0.0,-240.0,undercoupled
60,80,0,0,x-axis,treatment,80.0,0.0,0.0,0.0,80.64,0.0,-240.0,undercoupled
60,85,0,0,x-axis,treatment,85.0,0.0,0.0,0.0,80.64,0.0,-240.0,undercoupled
60,90,0,0,x-axis,treatment,90.0,0.0,0.0,0.0,80.64,0.0,-240.0,undercoupled
60,95,0,0,x-axis,treatment,95.0,0.0,0.0,0.0,80.64,0.0,-240.0,undercoupled
60,100,0,0,x-axis,treatment,100.0,0.0,0.0,0.0,80.64,0.0,-240.0,undercoupled
65,0,0,0,x-axis,treatment,0.0,1.34715,0.08576134,8.49806,76.36,418.59084,-12.685,overcoupled
65,0,5,0,y-axis,treatment,5.0,1.37543,0.08485,8.40776,76.36,414.1427,-12.595,overcoupled
65,0,10,0,y-axis,treatment,10.0,1.46577,0.08211598,8.13684,76.36,400.79827,-12.319,overcoupled
65,0,15,0,y-axis,treatment,15.0,1.63717,0.07755927,7.68532,76.36,378.55755,-11.838,overcoupled
65,0,20,0,y-axis,treatment,20.0,1.93171,0.07117989,7.05319,76.36,347.42054,-11.12,overcoupled
65,0,25,0,y-axis,treatment,25.0,2.44088,0.06297783,6.24045,76.36,307.38725,-10.104,overcoupled
65,0,30,0,y-axis,treatment,30.0,3.38199,0.05295308,5.2471,76.36,258.45766,-8.688,overcoupled
65,0,35,0,y-axis,treatment,35.0,5.36171,0.04110566,4.07314,76.36,200.63179,-6.686,overcoupled
65,0,40,0,y-axis,treatment,40.0,10.49761,0.02743555,2.71858,76.36,133.90964,-3.768,overcoupled
65,0,45,0,y-axis,treatment,45.0,23.36889,0.01310434,1.2985,76.36,63.9607,-0.293,overcoupled
65,0,50,0,y-axis,treatment,50.0,8.27557,0.00319395,0.31649,76.36,15.58929,-4.801,undercoupled
65,0,55,0,y-axis,treatment,55.0,0.0,0.0,0.0,76.36,0.0,-240.0,undercoupled
65,0,60,0,y-axis,treatment,60.0,0.0,0.0,0.0,76.36,0.0,-240.0,undercoupled
65,0,65,0,y-axis,treatment,65.0,0.0,0.0,0.0,76.36,0.0,-240.0,undercoupled
65,0,70,0,y-axis,treatment,70.0,0.0,0.0,0.0,76.36,0.0,-240.0,undercoupled
65,0,75,0,y-axis,treatment,75.0,0.0,0.0,0.0,76.36,0.0,-240.0,undercoupled
65,0,80,0,y-axis,treatment,80.0,0.0,0.0,0.0,76.36,0.0,-240.0,undercoupled
65,0,85,0,y-axis,treatment,85.0,0.0,0.0,0.0,76.36,0.0,-240.0,undercoupled
65,0,90,0,y-axis,treatment,90.0,0.0,0.0,0.0,76.36,0.0,-240.0,undercoupled
65,0,95,0,y-axis,treatment,95.0,0.0,0.0,0.0,76.36,0.0,-240.0,undercoupled
65,0,100,0,y-axis,treatment,100.0,0.0,0.0,0.0,76.36,0.0,-240.0,undercoupled
65,5,0,0,x-axis,treatment,5.0,1.37543,0.08485,8.40776,76.36,414.1427,-12.595,overcoupled
65,5,5,0,diagonal,treatment,7.071,1.4046,0.08393866,8.31745,76.36,409.69455,-12.504,overcoupled
65,10,0,0,x-axis,treatment,10.0,1.46577,0.08211598,8.13684,76.36,400.79827,-12.319,overcoupled
65,10,10,0,diagonal,treatment,14.142,1.60059,0.07847061,7.77562,76.36,383.00569,-11.937,overcoupled
65,15,0,0,x-axis,treatment,15.0,1.63717,0.07755927,7.68532,76.36,378.55755,-11.838,overcoupled
65,15,15,0,diagonal,treatment,21.213,2.03031,0.06935721,6.87258,76.36,338.52425,-10.904,overcoupled
65,20,0,0,x-axis,treatment,20.0,1.93171,0.07117989,7.05319,76.36,347.42054,-11.12,overcoupled
65,20,20,0,diagonal,treatment,28.284,2.98641,0.05659844,5.60832,76.36,276.25024,-9.228,overcoupled
65,25,0,0,x-axis,treatment,25.0,2.44088,0.06297783,6.24045,76.36,307.38725,-10.104,overcoupled
65,25,25,0,diagonal,treatment,35.355,5.57847,0.04019432,3.98284,76.36,196.18365,-6.514,overcoupled
65,30,0,0,x-axis,treatment,30.0,3.38199,0.05295308,5.2471,76.36,258.45766,-8.688,overcoupled
65,30,30,0,diagonal,treatment,42.426,15.96792,0.02021751,2.00335,76.36,98.67923,-1.947,overcoupled
65,35,0,0,x-axis,treatment,35.0,5.36171,0.04110566,4.07314,76.36,200.63179,-6.686,overcoupled
65,35,35,0,diagonal,treatment,49.497,11.13736,0.00386086,0.38257,76.36,18.84441,-3.512,undercoupled
65,40,0,0,x-axis,treatment,40.0,10.49761,0.02743555,2.71858,76.36,133.90964,-3.768,overcoupled
65,40,40,0,diagonal,treatment,56.569,0.0,0.0,0.0,76.36,0.0,-240.0,undercoupled
65,45,0,0,x-axis,treatment,45.0,23.36889,0.01310434,1.2985,76.36,63.9607,-0.293,overcoupled
65,45,45,0,diagonal,treatment,63.64,0.0,0.0,0.0,76.36,0.0,-240.0,undercoupled
65,50,0,0,x-axis,treatment,50.0,8.27557,0.00319395,0.31649,76.36,15.58929,-4.801,undercoupled
65,50,50,0,diagonal,treatment,70.711,0.0,0.0,0.0,76.36,0.0,-240.0,undercoupled
65,55,0,0,x-axis,treatment,55.0,0.0,0.0,0.0,76.36,0.0,-240.0,undercoupled
65,55,55,0,diagonal,treatment,77.782,0.0,0.0,0.0,76.36,0.0,-240.0,undercoupled
65,60,0,0,x-axis,treatment,60.0,0.0,0.0,0.0,76.36,0.0,-240.0,undercoupled
65,60,60,0,diagonal,treatment,84.853,0.0,0.0,0.0,76.36,0.0,-240.0,undercoupled
65,65,0,0,x-axis,treatment,65.0,0.0,0.0,0.0,76.36,0.0,-240.0,undercoupled
65,65,65,0,diagonal,treatment,91.924,0.0,0.0,0.0,76.36,0.0,-240.0,undercoupled
65,70,0,0,x-axis,treatment,70.0,0.0,0.0,0.0,76.36,0.0,-240.0,undercoupled
65,70,70,0,diagonal,treatment,98.995,0.0,0.0,0.0,76.36,0.0,-240.0,undercoupled
65,75,0,0,x-axis,treatment,75.0,0.0,0.0,0.0,76.36,0.0,-240.0,undercoupled
65,80,0,0,x-axis,treatment,80.0,0.0,0.0,0.0,76.36,0.0,-240.0,undercoupled
65,85,0,0,x-axis,treatment,85.0,0.0,0.0,0.0,76.36,0.0,-240.0,undercoupled
65,90,0,0,x-axis,treatment,90.0,0.0,0.0,0.0,76.36,0.0,-240.0,undercoupled
65,95,0,0,x-axis,treatment,95.0,0.0,0.0,0.0,76.36,0.0,-240.0,undercoupled
65,100,0,0,x-axis,treatment,100.0,0.0,0.0,0.0,76.36,0.0,-240.0,undercoupled
70,0,0,0,x-axis,treatment,0.0,1.40578,0.08614869,8.31388,72.43,409.51841,-12.5,overcoupled
70,0,5,0,y-axis,treatment,5.0,1.43526,0.08523308,8.22551,72.43,405.16595,-12.41,overcoupled
70,0,10,0,y-axis,treatment,10.0,1.52942,0.08248626,7.96043,72.43,392.10858,-12.134,overcoupled
70,0,15,0,y-axis,treatment,15.0,1.70802,0.07790821,7.51862,72.43,370.34629,-11.654,overcoupled
70,0,20,0,y-axis,treatment,20.0,2.01482,0.07149895,6.90009,72.43,339.87909,-10.937,overcoupled
70,0,25,0,y-axis,treatment,25.0,2.5448,0.06325848,6.10483,72.43,300.70697,-9.923,overcoupled
70,0,30,0,y-axis,treatment,30.0,3.5231,0.05318679,5.13285,72.43,252.82994,-8.51,overcoupled
70,0,35,0,y-axis,treatment,35.0,5.57525,0.04128388,3.98415,72.43,196.24799,-6.517,overcoupled
70,0,40,0,y-axis,treatment,40.0,10.85746,0.02754975,2.65872,72.43,130.96113,-3.622,overcoupled
70,0,45,0,y-axis,treatment,45.0,23.62965,0.01315362,1.2694,72.43,62.52734,-0.245,overcoupled
70,0,50,0,y-axis,treatment,50.0,7.96762,0.00320464,0.30927,72.43,15.23367,-4.966,undercoupled
70,0,55,0,y-axis,treatment,55.0,0.0,0.0,0.0,72.43,0.0,-240.0,undercoupled
70,0,60,0,y-axis,treatment,60.0,0.0,0.0,0.0,72.43,0.0,-240.0,undercoupled
70,0,65,0,y-axis,treatment,65.0,0.0,0.0,0.0,72.43,0.0,-240.0,undercoupled
70,0,70,0,y-axis,treatment,70.0,0.0,0.0,0.0,72.43,0.0,-240.0,undercoupled
70,0,75,0,y-axis,treatment,75.0,0.0,0.0,0.0,72.43,0.0,-240.0,undercoupled
70,0,80,0,y-axis,treatment,80.0,0.0,0.0,0.0,72.43,0.0,-240.0,undercoupled
70,0,85,0,y-axis,treatment,85.0,0.0,0.0,0.0,72.43,0.0,-240.0,undercoupled
70,0,90,0,y-axis,treatment,90.0,0.0,0.0,0.0,72.43,0.0,-240.0,undercoupled
70,0,95,0,y-axis,treatment,95.0,0.0,0.0,0.0,72.43,0.0,-240.0,undercoupled
70,0,100,0,y-axis,treatment,100.0,0.0,0.0,0.0,72.43,0.0,-240.0,undercoupled
70,5,0,0,x-axis,treatment,5.0,1.43526,0.08523308,8.22551,72.43,405.16595,-12.41,overcoupled
70,5,5,0,diagonal,treatment,7.071,1.46567,0.08431747,8.13715,72.43,400.8135,-12.319,overcoupled
70,10,0,0,x-axis,treatment,10.0,1.52942,0.08248626,7.96043,72.43,392.10858,-12.134,overcoupled
70,10,10,0,diagonal,treatment,14.142,1.66991,0.07882382,7.60698,72.43,374.69875,-11.752,overcoupled
70,15,0,0,x-axis,treatment,15.0,1.70802,0.07790821,7.51862,72.43,370.34629,-11.654,overcoupled
70,15,15,0,diagonal,treatment,21.213,2.11749,0.06966774,6.72336,72.43,331.17417,-10.721,overcoupled
70,20,0,0,x-axis,treatment,20.0,2.01482,0.07149895,6.90009,72.43,339.87909,-10.937,overcoupled
70,20,20,0,diagonal,treatment,28.284,3.1121,0.05684922,5.4863,72.43,270.23977,-9.049,overcoupled
70,25,0,0,x-axis,treatment,25.0,2.5448,0.06325848,6.10483,72.43,300.70697,-9.923,overcoupled
70,25,25,0,diagonal,treatment,35.355,5.79945,0.04036827,3.89578,72.43,191.89553,-6.346,overcoupled
70,30,0,0,x-axis,treatment,30.0,3.5231,0.05318679,5.13285,72.43,252.82994,-8.51,overcoupled
70,30,30,0,diagonal,treatment,42.426,16.39923,0.02029807,1.95889,72.43,96.48938,-1.831,overcoupled
70,35,0,0,x-axis,treatment,35.0,5.57525,0.04128388,3.98415,72.43,196.24799,-6.517,overcoupled
70,35,35,0,diagonal,treatment,49.497,10.75903,0.00387389,0.37385,72.43,18.41504,-3.662,undercoupled
70,40,0,0,x-axis,treatment,40.0,10.85746,0.02754975,2.65872,72.43,130.96113,-3.622,overcoupled
70,40,40,0,diagonal,treatment,56.569,0.0,0.0,0.0,72.43,0.0,-240.0,undercoupled
70,45,0,0,x-axis,treatment,45.0,23.62965,0.01315362,1.2694,72.43,62.52734,-0.245,overcoupled
70,45,45,0,diagonal,treatment,63.64,0.0,0.0,0.0,72.43,0.0,-240.0,undercoupled
70,50,0,0,x-axis,treatment,50.0,7.96762,0.00320464,0.30927,72.43,15.23367,-4.966,undercoupled
70,50,50,0,diagonal,treatment,70.711,0.0,0.0,0.0,72.43,0.0,-240.0,undercoupled
70,55,0,0,x-axis,treatment,55.0,0.0,0.0,0.0,72.43,0.0,-240.0,undercoupled
70,55,55,0,diagonal,treatment,77.782,0.0,0.0,0.0,72.43,0.0,-240.0,undercoupled
70,60,0,0,x-axis,treatment,60.0,0.0,0.0,0.0,72.43,0.0,-240.0,undercoupled
70,60,60,0,diagonal,treatment,84.853,0.0,0.0,0.0,72.43,0.0,-240.0,undercoupled
70,65,0,0,x-axis,treatment,65.0,0.0,0.0,0.0,72.43,0.0,-240.0,undercoupled
70,65,65,0,diagonal,treatment,91.924,0.0,0.0,0.0,72.43,0.0,-240.0,undercoupled
70,70,0,0,x-axis,treatment,70.0,0.0,0.0,0.0,72.43,0.0,-240.0,undercoupled
70,70,70,0,diagonal,treatment,98.995,0.0,0.0,0.0,72.43,0.0,-240.0,undercoupled
70,75,0,0,x-axis,treatment,75.0,0.0,0.0,0.0,72.43,0.0,-240.0,undercoupled
70,80,0,0,x-axis,treatment,80.0,0.0,0.0,0.0,72.43,0.0,-240.0,undercoupled
70,85,0,0,x-axis,treatment,85.0,0.0,0.0,0.0,72.43,0.0,-240.0,undercoupled
70,90,0,0,x-axis,treatment,90.0,0.0,0.0,0.0,72.43,0.0,-240.0,undercoupled
70,95,0,0,x-axis,treatment,95.0,0.0,0.0,0.0,72.43,0.0,-240.0,undercoupled
70,100,0,0,x-axis,treatment,100.0,0.0,0.0,0.0,72.43,0.0,-240.0,undercoupled
75,0,0,0,x-axis,treatment,0.0,1.46119,0.08663017,8.15,68.83,401.4462,-12.332,overcoupled
75,0,5,0,y-axis,treatment,5.0,1.4918,0.08570932,8.06336,68.83,397.17892,-12.242,overcoupled
75,0,10,0,y-axis,treatment,10.0,1.58956,0.08294674,7.80347,68.83,384.37709,-11.967,overcoupled
75,0,15,0,y-axis,treatment,15.0,1.77494,0.07834245,7.3703,68.83,363.0407,-11.488,overcoupled
75,0,20,0,y-axis,treatment,20.0,2.09328,0.07189644,6.76388,68.83,333.16975,-10.771,overcoupled
75,0,25,0,y-axis,treatment,25.0,2.64282,0.06360872,5.98418,68.83,294.76425,-9.759,overcoupled
75,0,30,0,y-axis,treatment,30.0,3.65594,0.05347928,5.03123,68.83,247.82419,-8.349,overcoupled
75,0,35,0,y-axis,treatment,35.0,5.77547,0.04150812,3.905,68.83,192.34958,-6.364,overcoupled
75,0,40,0,y-axis,treatment,40.0,11.19068,0.02769525,2.60551,68.83,128.34041,-3.491,overcoupled
75,0,45,0,y-axis,treatment,45.0,23.8487,0.01321849,1.24357,68.83,61.25479,-0.205,overcoupled
75,0,50,0,y-axis,treatment,50.0,7.69613,0.00321931,0.30287,68.83,14.91834,-5.117,undercoupled
75,0,55,0,y-axis,treatment,55.0,0.0,0.0,0.0,68.83,0.0,-240.0,undercoupled
75,0,60,0,y-axis,treatment,60.0,0.0,0.0,0.0,68.83,0.0,-240.0,undercoupled
75,0,65,0,y-axis,treatment,65.0,0.0,0.0,0.0,68.83,0.0,-240.0,undercoupled
75,0,70,0,y-axis,treatment,70.0,0.0,0.0,0.0,68.83,0.0,-240.0,undercoupled
75,0,75,0,y-axis,treatment,75.0,0.0,0.0,0.0,68.83,0.0,-240.0,undercoupled
75,0,80,0,y-axis,treatment,80.0,0.0,0.0,0.0,68.83,0.0,-240.0,undercoupled
75,0,85,0,y-axis,treatment,85.0,0.0,0.0,0.0,68.83,0.0,-240.0,undercoupled
75,0,90,0,y-axis,treatment,90.0,0.0,0.0,0.0,68.83,0.0,-240.0,undercoupled
75,0,95,0,y-axis,treatment,95.0,0.0,0.0,0.0,68.83,0.0,-240.0,undercoupled
75,0,100,0,y-axis,treatment,100.0,0.0,0.0,0.0,68.83,0.0,-240.0,undercoupled
75,5,0,0,x-axis,treatment,5.0,1.4918,0.08570932,8.06336,68.83,397.17892,-12.242,overcoupled
75,5,5,0,diagonal,treatment,7.071,1.52337,0.08478846,7.97673,68.83,392.91164,-12.151,overcoupled
75,10,0,0,x-axis,treatment,10.0,1.58956,0.08294674,7.80347,68.83,384.37709,-11.967,overcoupled
75,10,10,0,diagonal,treatment,14.142,1.73539,0.07926331,7.45694,68.83,367.30797,-11.585,overcoupled
75,15,0,0,x-axis,treatment,15.0,1.77494,0.07834245,7.3703,68.83,363.0407,-11.488,overcoupled
75,15,15,0,diagonal,treatment,21.213,2.19978,0.07005473,6.59061,68.83,324.63519,-10.556,overcoupled
75,20,0,0,x-axis,treatment,20.0,2.09328,0.07189644,6.76388,68.83,333.16975,-10.771,overcoupled
75,20,20,0,diagonal,treatment,28.284,3.23051,0.05716271,5.37776,68.83,264.8933,-8.887,overcoupled
75,25,0,0,x-axis,treatment,25.0,2.64282,0.06360872,5.98418,68.83,294.76425,-9.759,overcoupled
75,25,25,0,diagonal,treatment,35.355,6.00653,0.04058726,3.81837,68.83,188.0823,-6.193,overcoupled
75,30,0,0,x-axis,treatment,30.0,3.65594,0.05347928,5.03123,68.83,247.82419,-8.349,overcoupled
75,30,30,0,diagonal,treatment,42.426,16.79118,0.02040214,1.91939,68.83,94.54396,-1.729,overcoupled
75,35,0,0,x-axis,treatment,35.0,5.77547,0.04150812,3.905,68.83,192.34958,-6.364,overcoupled
75,35,35,0,diagonal,treatment,49.497,10.42306,0.00389171,0.36612,68.83,18.03427,-3.799,undercoupled
75,40,0,0,x-axis,treatment,40.0,11.19068,0.02769525,2.60551,68.83,128.34041,-3.491,overcoupled
75,40,40,0,diagonal,treatment,56.569,0.0,0.0,0.0,68.83,0.0,-240.0,undercoupled
75,45,0,0,x-axis,treatment,45.0,23.8487,0.01321849,1.24357,68.83,61.25479,-0.205,overcoupled
75,45,45,0,diagonal,treatment,63.64,0.0,0.0,0.0,68.83,0.0,-240.0,undercoupled
75,50,0,0,x-axis,treatment,50.0,7.69613,0.00321931,0.30287,68.83,14.91834,-5.117,undercoupled
75,50,50,0,diagonal,treatment,70.711,0.0,0.0,0.0,68.83,0.0,-240.0,undercoupled
75,55,0,0,x-axis,treatment,55.0,0.0,0.0,0.0,68.83,0.0,-240.0,undercoupled
75,55,55,0,diagonal,treatment,77.782,0.0,0.0,0.0,68.83,0.0,-240.0,undercoupled
75,60,0,0,x-axis,treatment,60.0,0.0,0.0,0.0,68.83,0.0,-240.0,undercoupled
75,60,60,0,diagonal,treatment,84.853,0.0,0.0,0.0,68.83,0.0,-240.0,undercoupled
75,65,0,0,x-axis,treatment,65.0,0.0,0.0,0.0,68.83,0.0,-240.0,undercoupled
75,65,65,0,diagonal,treatment,91.924,0.0,0.0,0.0,68.83,0.0,-240.0,undercoupled
75,70,0,0,x-axis,treatment,70.0,0.0,0.0,0.0,68.83,0.0,-240.0,undercoupled
75,70,70,0,diagonal,treatment,98.995,0.0,0.0,0.0,68.83,0.0,-240.0,undercoupled
75,75,0,0,x-axis,treatment,75.0,0.0,0.0,0.0,68.83,0.0,-240.0,undercoupled
75,80,0,0,x-axis,treatment,80.0,0.0,0.0,0.0,68.83,0.0,-240.0,undercoupled
75,85,0,0,x-axis,treatment,85.0,0.0,0.0,0.0,68.83,0.0,-240.0,undercoupled
75,90,0,0,x-axis,treatment,90.0,0.0,0.0,0.0,68.83,0.0,-240.0,undercoupled
75,95,0,0,x-axis,treatment,95.0,0.0,0.0,0.0,68.83,0.0,-240.0,undercoupled
75,100,0,0,x-axis,treatment,100.0,0.0,0.0,0.0,68.83,0.0,-240.0,undercoupled
80,0,0,0,x-axis,treatment,0.0,1.51341,0.08718661,8.00377,65.54,394.24344,-12.18,overcoupled
80,0,5,0,y-axis,treatment,5.0,1.54508,0.08625972,7.91868,65.54,390.0522,-12.09,overcoupled
80,0,10,0,y-axis,treatment,10.0,1.64623,0.08347905,7.66341,65.54,377.47848,-11.815,overcoupled
80,0,15,0,y-axis,treatment,15.0,1.83799,0.0788446,7.23797,65.54,356.52228,-11.336,overcoupled
80,0,20,0,y-axis,treatment,20.0,2.16715,0.07235638,6.64235,65.54,327.18361,-10.621,overcoupled
80,0,25,0,y-axis,treatment,25.0,2.73502,0.06401438,5.87655,65.54,289.46245,-9.61,overcoupled
80,0,30,0,y-axis,treatment,30.0,3.78069,0.0538186,4.94057,65.54,243.35882,-8.204,overcoupled
80,0,35,0,y-axis,treatment,35.0,5.96276,0.04176904,3.83442,65.54,188.8727,-6.225,overcoupled
80,0,40,0,y-axis,treatment,40.0,11.49873,0.0278657,2.55808,65.54,126.00411,-3.373,overcoupled
80,0,45,0,y-axis,treatment,45.0,24.03259,0.01329583,1.22056,65.54,60.12153,-0.171,overcoupled
80,0,50,0,y-axis,treatment,50.0,7.45602,0.00323714,0.29717,65.54,14.63781,-5.254,undercoupled
80,0,55,0,y-axis,treatment,55.0,0.0,0.0,0.0,65.54,0.0,-240.0,undercoupled
80,0,60,0,y-axis,treatment,60.0,0.0,0.0,0.0,65.54,0.0,-240.0,undercoupled
80,0,65,0,y-axis,treatment,65.0,0.0,0.0,0.0,65.54,0.0,-240.0,undercoupled
80,0,70,0,y-axis,treatment,70.0,0.0,0.0,0.0,65.54,0.0,-240.0,undercoupled
80,0,75,0,y-axis,treatment,75.0,0.0,0.0,0.0,65.54,0.0,-240.0,undercoupled
80,0,80,0,y-axis,treatment,80.0,0.0,0.0,0.0,65.54,0.0,-240.0,undercoupled
80,0,85,0,y-axis,treatment,85.0,0.0,0.0,0.0,65.54,0.0,-240.0,undercoupled
80,0,90,0,y-axis,treatment,90.0,0.0,0.0,0.0,65.54,0.0,-240.0,undercoupled
80,0,95,0,y-axis,treatment,95.0,0.0,0.0,0.0,65.54,0.0,-240.0,undercoupled
80,0,100,0,y-axis,treatment,100.0,0.0,0.0,0.0,65.54,0.0,-240.0,undercoupled
80,5,0,0,x-axis,treatment,5.0,1.54508,0.08625972,7.91868,65.54,390.0522,-12.09,overcoupled
80,5,5,0,diagonal,treatment,7.071,1.57775,0.08533283,7.83359,65.54,385.86096,-11.999,overcoupled
80,10,0,0,x-axis,treatment,10.0,1.64623,0.08347905,7.66341,65.54,377.47848,-11.815,overcoupled
80,10,10,0,diagonal,treatment,14.142,1.79708,0.07977149,7.32306,65.54,360.71352,-11.434,overcoupled
80,15,0,0,x-axis,treatment,15.0,1.83799,0.0788446,7.23797,65.54,356.52228,-11.336,overcoupled
80,15,15,0,diagonal,treatment,21.213,2.27724,0.0705026,6.47217,65.54,318.80113,-10.405,overcoupled
80,20,0,0,x-axis,treatment,20.0,2.16715,0.07235638,6.64235,65.54,327.18361,-10.621,overcoupled
80,20,20,0,diagonal,treatment,28.284,3.34179,0.05752616,5.28093,65.54,260.12378,-8.74,overcoupled
80,25,0,0,x-axis,treatment,25.0,2.73502,0.06401438,5.87655,65.54,289.46245,-9.61,overcoupled
80,25,25,0,diagonal,treatment,35.355,6.20017,0.04084215,3.74933,65.54,184.68146,-6.055,overcoupled
80,30,0,0,x-axis,treatment,30.0,3.78069,0.0538186,4.94057,65.54,243.35882,-8.204,overcoupled
80,30,30,0,diagonal,treatment,42.426,17.14712,0.02052496,1.8842,65.54,92.81046,-1.637,overcoupled
80,35,0,0,x-axis,treatment,35.0,5.96276,0.04176904,3.83442,65.54,188.8727,-6.225,overcoupled
80,35,35,0,diagonal,treatment,49.497,10.12404,0.00391335,0.35925,65.54,17.69552,-3.926,undercoupled
80,40,0,0,x-axis,treatment,40.0,11.49873,0.0278657,2.55808,65.54,126.00411,-3.373,overcoupled
80,40,40,0,diagonal,treatment,56.569,0.0,0.0,0.0,65.54,0.0,-240.0,undercoupled
80,45,0,0,x-axis,treatment,45.0,24.03259,0.01329583,1.22056,65.54,60.12153,-0.171,overcoupled
80,45,45,0,diagonal,treatment,63.64,0.0,0.0,0.0,65.54,0.0,-240.0,undercoupled
80,50,0,0,x-axis,treatment,50.0,7.45602,0.00323714,0.29717,65.54,14.63781,-5.254,undercoupled
80,50,50,0,diagonal,treatment,70.711,0.0,0.0,0.0,65.54,0.0,-240.0,undercoupled
80,55,0,0,x-axis,treatment,55.0,0.0,0.0,0.0,65.54,0.0,-240.0,undercoupled
80,55,55,0,diagonal,treatment,77.782,0.0,0.0,0.0,65.54,0.0,-240.0,undercoupled
80,60,0,0,x-axis,treatment,60.0,0.0,0.0,0.0,65.54,0.0,-240.0,undercoupled
80,60,60,0,diagonal,treatment,84.853,0.0,0.0,0.0,65.54,0.0,-240.0,undercoupled
80,65,0,0,x-axis,treatment,65.0,0.0,0.0,0.0,65.54,0.0,-240.0,undercoupled
80,65,65,0,diagonal,treatment,91.924,0.0,0.0,0.0,65.54,0.0,-240.0,undercoupled
80,70,0,0,x-axis,treatment,70.0,0.0,0.0,0.0,65.54,0.0,-240.0,undercoupled
80,70,70,0,diagonal,treatment,98.995,0.0,0.0,0.0,65.54,0.0,-240.0,undercoupled
80,75,0,0,x-axis,treatment,75.0,0.0,0.0,0.0,65.54,0.0,-240.0,undercoupled
80,80,0,0,x-axis,treatment,80.0,0.0,0.0,0.0,65.54,0.0,-240.0,undercoupled
80,85,0,0,x-axis,treatment,85.0,0.0,0.0,0.0,65.54,0.0,-240.0,undercoupled
80,90,0,0,x-axis,treatment,90.0,0.0,0.0,0.0,65.54,0.0,-240.0,undercoupled
80,95,0,0,x-axis,treatment,95.0,0.0,0.0,0.0,65.54,0.0,-240.0,undercoupled
80,100,0,0,x-axis,treatment,100.0,0.0,0.0,0.0,65.54,0.0,-240.0,undercoupled
85,0,0,0,x-axis,treatment,0.0,1.56253,0.0878024,7.8729,62.53,387.79718,-12.041,overcoupled
85,0,5,0,y-axis,treatment,5.0,1.5952,0.08686886,7.78919,62.53,383.67402,-11.951,overcoupled
85,0,10,0,y-axis,treatment,10.0,1.69952,0.08406824,7.53807,62.53,371.30454,-11.676,overcoupled
85,0,15,0,y-axis,treatment,15.0,1.89726,0.07940055,7.11954,62.53,350.68873,-11.198,overcoupled
85,0,20,0,y-axis,treatment,20.0,2.23657,0.07286579,6.53359,62.53,321.82661,-10.484,overcoupled
85,0,25,0,y-axis,treatment,25.0,2.82159,0.06446395,5.78023,62.53,284.71817,-9.474,overcoupled
85,0,30,0,y-axis,treatment,30.0,3.89762,0.05419503,4.85946,62.53,239.3634,-8.071,overcoupled
85,0,35,0,y-axis,treatment,35.0,6.13768,0.04205904,3.77127,62.53,185.76231,-6.099,overcoupled
85,0,40,0,y-axis,treatment,40.0,11.78327,0.02805597,2.51567,62.53,123.91491,-3.267,overcoupled
85,0,45,0,y-axis,treatment,45.0,24.18699,0.01338307,1.20001,62.53,59.10905,-0.144,overcoupled
85,0,50,0,y-axis,treatment,50.0,7.24294,0.0032575,0.29209,62.53,14.38743,-5.38,undercoupled
85,0,55,0,y-axis,treatment,55.0,0.0,0.0,0.0,62.53,0.0,-240.0,undercoupled
85,0,60,0,y-axis,treatment,60.0,0.0,0.0,0.0,62.53,0.0,-240.0,undercoupled
85,0,65,0,y-axis,treatment,65.0,0.0,0.0,0.0,62.53,0.0,-240.0,undercoupled
85,0,70,0,y-axis,treatment,70.0,0.0,0.0,0.0,62.53,0.0,-240.0,undercoupled
85,0,75,0,y-axis,treatment,75.0,0.0,0.0,0.0,62.53,0.0,-240.0,undercoupled
85,0,80,0,y-axis,treatment,80.0,0.0,0.0,0.0,62.53,0.0,-240.0,undercoupled
85,0,85,0,y-axis,treatment,85.0,0.0,0.0,0.0,62.53,0.0,-240.0,undercoupled
85,0,90,0,y-axis,treatment,90.0,0.0,0.0,0.0,62.53,0.0,-240.0,undercoupled
85,0,95,0,y-axis,treatment,95.0,0.0,0.0,0.0,62.53,0.0,-240.0,undercoupled
85,0,100,0,y-axis,treatment,100.0,0.0,0.0,0.0,62.53,0.0,-240.0,undercoupled
85,5,0,0,x-axis,treatment,5.0,1.5952,0.08686886,7.78919,62.53,383.67402,-11.951,overcoupled
85,5,5,0,diagonal,treatment,7.071,1.62889,0.08593532,7.70549,62.53,379.55086,-11.86,overcoupled
85,10,0,0,x-axis,treatment,10.0,1.69952,0.08406824,7.53807,62.53,371.30454,-11.676,overcoupled
85,10,10,0,diagonal,treatment,14.142,1.85508,0.08033409,7.20325,62.53,354.81189,-11.296,overcoupled
85,15,0,0,x-axis,treatment,15.0,1.89726,0.07940055,7.11954,62.53,350.68873,-11.198,overcoupled
85,15,15,0,diagonal,treatment,21.213,2.35002,0.07099871,6.36618,62.53,313.58029,-10.269,overcoupled
85,20,0,0,x-axis,treatment,20.0,2.23657,0.07286579,6.53359,62.53,321.82661,-10.484,overcoupled
85,20,20,0,diagonal,treatment,28.284,3.44618,0.05792918,5.19428,62.53,255.85604,-8.606,overcoupled
85,25,0,0,x-axis,treatment,25.0,2.82159,0.06446395,5.78023,62.53,284.71817,-9.474,overcoupled
85,25,25,0,diagonal,treatment,35.355,6.38094,0.0411255,3.68756,62.53,181.63915,-5.931,overcoupled
85,30,0,0,x-axis,treatment,30.0,3.89762,0.05419503,4.85946,62.53,239.3634,-8.071,overcoupled
85,30,30,0,diagonal,treatment,42.426,17.47038,0.02066268,1.85274,62.53,91.26093,-1.556,overcoupled
85,35,0,0,x-axis,treatment,35.0,6.13768,0.04205904,3.77127,62.53,185.76231,-6.099,overcoupled
85,35,35,0,diagonal,treatment,49.497,9.85721,0.00393804,0.35311,62.53,17.39315,-4.042,undercoupled
85,40,0,0,x-axis,treatment,40.0,11.78327,0.02805597,2.51567,62.53,123.91491,-3.267,overcoupled
85,40,40,0,diagonal,treatment,56.569,0.0,0.0,0.0,62.53,0.0,-240.0,undercoupled
85,45,0,0,x-axis,treatment,45.0,24.18699,0.01338307,1.20001,62.53,59.10905,-0.144,overcoupled
85,45,45,0,diagonal,treatment,63.64,0.0,0.0,0.0,62.53,0.0,-240.0,undercoupled
85,50,0,0,x-axis,treatment,50.0,7.24294,0.0032575,0.29209,62.53,14.38743,-5.38,undercoupled
85,50,50,0,diagonal,treatment,70.711,0.0,0.0,0.0,62.53,0.0,-240.0,undercoupled
85,55,0,0,x-axis,treatment,55.0,0.0,0.0,0.0,62.53,0.0,-240.0,undercoupled
85,55,55,0,diagonal,treatment,77.782,0.0,0.0,0.0,62.53,0.0,-240.0,undercoupled
85,60,0,0,x-axis,treatment,60.0,0.0,0.0,0.0,62.53,0.0,-240.0,undercoupled
85,60,60,0,diagonal,treatment,84.853,0.0,0.0,0.0,62.53,0.0,-240.0,undercoupled
85,65,0,0,x-axis,treatment,65.0,0.0,0.0,0.0,62.53,0.0,-240.0,undercoupled
85,65,65,0,diagonal,treatment,91.924,0.0,0.0,0.0,62.53,0.0,-240.0,undercoupled
85,70,0,0,x-axis,treatment,70.0,0.0,0.0,0.0,62.53,0.0,-240.0,undercoupled
85,70,70,0,diagonal,treatment,98.995,0.0,0.0,0.0,62.53,0.0,-240.0,undercoupled
85,75,0,0,x-axis,treatment,75.0,0.0,0.0,0.0,62.53,0.0,-240.0,undercoupled
85,80,0,0,x-axis,treatment,80.0,0.0,0.0,0.0,62.53,0.0,-240.0,undercoupled
85,85,0,0,x-axis,treatment,85.0,0.0,0.0,0.0,62.53,0.0,-240.0,undercoupled
85,90,0,0,x-axis,treatment,90.0,0.0,0.0,0.0,62.53,0.0,-240.0,undercoupled
85,95,0,0,x-axis,treatment,95.0,0.0,0.0,0.0,62.53,0.0,-240.0,undercoupled
85,100,0,0,x-axis,treatment,100.0,0.0,0.0,0.0,62.53,0.0,-240.0,undercoupled
